post_id,title,category,char_count,url,published_date,candidate
767,プレミアリーグ最新情報,column,359,https://premier-blog.com/2026/06/30/%e3%83%97%e3%83%ac%e3%83%9f%e3%82%a2%e3%83%aa%e3%83%bc%e3%82%b0%e6%9c%80%e6%96%b0%e6%83%85%e5%a0%b1/,2026-06-30T08:58:04,YES
793,プレミアリーグ最新情報,column,584,https://premier-blog.com/2026/07/01/%e3%83%97%e3%83%ac%e3%83%9f%e3%82%a2%e3%83%aa%e3%83%bc%e3%82%b0%e6%9c%80%e6%96%b0%e6%83%85%e5%a0%b1-2/,2026-07-01T09:42:56,YES
296,フェイエノールト、カリャリのGKカプリレに獲得オファーか——移籍市場の最新動向,column,880,https://premier-blog.com/2026/06/11/%e3%83%95%e3%82%a7%e3%82%a4%e3%82%a8%e3%83%8e%e3%83%bc%e3%83%ab%e3%83%88%e3%80%81%e3%82%ab%e3%83%aa%e3%83%a3%e3%83%aa%e3%81%aegk%e3%82%ab%e3%83%97%e3%83%aa%e3%83%ac%e3%81%ab%e7%8d%b2%e5%be%97%e3%82%aa/,2026-06-11T10:10:48,
32,ヴィンチェンツォ・イタリアーノ、ベシクタシュと2年契約締結へ—年俸600万ユーロの大型オファー,transfers,1064,https://premier-blog.com/2026/06/05/%e3%83%b4%e3%82%a3%e3%83%b3%e3%83%81%e3%82%a7%e3%83%b3%e3%83%84%e3%82%a9%e3%83%bb%e3%82%a4%e3%82%bf%e3%83%aa%e3%82%a2%e3%83%bc%e3%83%8e%e3%80%81%e3%83%99%e3%82%b7%e3%82%af%e3%82%bf%e3%82%b7%e3%83%a5/,2026-06-05T20:17:12,
28,ヴィンチェンツォ・イタリアーノ、ベシクタシュ新監督就任へ——2028年まで契約、年俸600万ユーロ,transfers,1161,https://premier-blog.com/2026/06/05/%e3%83%b4%e3%82%a3%e3%83%b3%e3%83%81%e3%82%a7%e3%83%b3%e3%83%84%e3%82%a9%e3%83%bb%e3%82%a4%e3%82%bf%e3%83%aa%e3%82%a2%e3%83%bc%e3%83%8e%e3%80%81%e3%83%99%e3%82%b7%e3%82%af%e3%82%bf%e3%82%b7%e3%83%a5-2/,2026-06-05T20:17:12,
378,ハムザ・アブデルカリム、W杯最年少出場記録更新——バルセロナ入りの18歳エジプト代表FW,transfers,1255,https://premier-blog.com/2026/06/17/%e3%83%8f%e3%83%a0%e3%82%b6%e3%83%bb%e3%82%a2%e3%83%96%e3%83%87%e3%83%ab%e3%82%ab%e3%83%aa%e3%83%a0%e3%80%81w%e6%9d%af%e6%9c%80%e5%b9%b4%e5%b0%91%e5%87%ba%e5%a0%b4%e8%a8%98%e9%8c%b2%e6%9b%b4%e6%96%b0/,2026-06-17T10:00:52,
374,アントニオ・リュディガー、レアル・マドリード新契約を2027年6月まで延長,europe,1329,https://premier-blog.com/2026/06/16/%e3%82%a2%e3%83%b3%e3%83%88%e3%83%8b%e3%82%aa%e3%83%bb%e3%83%aa%e3%83%a5%e3%83%87%e3%82%a3%e3%82%ac%e3%83%bc%e3%80%81%e3%83%ac%e3%82%a2%e3%83%ab%e3%83%bb%e3%83%9e%e3%83%89%e3%83%aa%e3%83%bc%e3%83%89/,2026-06-16T14:07:33,
183,ベルナルド・シルバ、W杯後に移籍先決定へ——バルセロナとアトレティコが争奪戦,transfers,1345,https://premier-blog.com/2026/06/09/%e3%83%99%e3%83%ab%e3%83%8a%e3%83%ab%e3%83%89%e3%83%bb%e3%82%b7%e3%83%ab%e3%83%90%e3%80%81w%e6%9d%af%e5%be%8c%e3%81%ab%e7%a7%bb%e7%b1%8d%e5%85%88%e6%b1%ba%e5%ae%9a%e3%81%b8-%e3%83%90/,2026-06-09T07:36:33,
255,エリオット・アンダーソン争奪戦：マンチェスター・シティが新オファー、ユナイテッドが横取りを狙う,transfers,1423,https://premier-blog.com/2026/06/11/%e3%82%a8%e3%83%aa%e3%82%aa%e3%83%83%e3%83%88%e3%83%bb%e3%82%a2%e3%83%b3%e3%83%80%e3%83%bc%e3%82%bd%e3%83%b3%e4%ba%89%e5%a5%aa%e6%88%a6%ef%bc%9a%e3%83%9e%e3%83%b3%e3%83%81%e3%82%a7%e3%82%b9%e3%82%bf/,2026-06-11T10:11:10,
108,バイエルン・ミュンヘンの18歳カール、W杯直前の練習中負傷でドイツ代表を離脱,europe,1426,https://premier-blog.com/2026/06/06/%e3%83%90%e3%82%a4%e3%82%a8%e3%83%ab%e3%83%b3%e3%83%bb%e3%83%9f%e3%83%a5%e3%83%b3%e3%83%98%e3%83%b3%e3%81%ae18%e6%ad%b3%e3%82%ab%e3%83%bc%e3%83%ab%e3%80%81w%e6%9d%af%e7%9b%b4%e5%89%8d%e3%81%ae/,2026-06-06T08:45:16,
212,アレックス・スコット移籍争奪戦：ボーンマスが£8000万の値付け、マンUも参戦,united,1437,https://premier-blog.com/2026/06/10/%e3%82%a2%e3%83%ac%e3%83%83%e3%82%af%e3%82%b9%e3%83%bb%e3%82%b9%e3%82%b3%e3%83%83%e3%83%88%e7%a7%bb%e7%b1%8d%e4%ba%89%e5%a5%aa%e6%88%a6%ef%bc%9a%e3%83%9c%e3%83%bc%e3%83%b3%e3%83%9e%e3%82%b9%e3%81%8c80/,2026-06-10T11:18:08,
93,アンス・ファティ、モナコへ完全移籍確定――バルサへの移籍金は1100万ユーロ,transfers,1442,https://premier-blog.com/2026/06/06/%e3%82%a2%e3%83%b3%e3%82%b9%e3%83%bb%e3%83%95%e3%82%a1%e3%83%86%e3%82%a3%e3%80%81%e3%83%a2%e3%83%8a%e3%82%b3%e3%81%b8%e5%ae%8c%e5%85%a8%e7%a7%bb%e7%b1%8d%e7%a2%ba%e5%ae%9a%e2%80%95%e2%80%95%e3%83%90/,2026-06-06T08:45:22,
200,ブライトン・バレバ、ユナイテッド移籍を選手と協議―移籍金も判明,united,1444,https://premier-blog.com/2026/06/10/%e3%83%96%e3%83%a9%e3%82%a4%e3%83%88%e3%83%b3%e3%83%bb%e3%83%90%e3%83%ac%e3%83%90%e3%80%81%e3%83%a6%e3%83%8a%e3%82%a4%e3%83%86%e3%83%83%e3%83%89%e7%a7%bb%e7%b1%8d%e3%82%92%e9%81%b8%e6%89%8b%e3%81%a8/,2026-06-10T11:18:13,
2377,エバートン vs マンチェスター・ユナイテッド プレビュー｜プレミアリーグ第3節・見どころ,united,1447,https://premier-blog.com/2026/09/04/%e3%82%a8%e3%83%90%e3%83%bc%e3%83%88%e3%83%b3-vs-%e3%83%9e%e3%83%b3%e3%83%81%e3%82%a7%e3%82%b9%e3%82%bf%e3%83%bc%e3%83%bb%e3%83%a6%e3%83%8a%e3%82%a4%e3%83%86%e3%83%83%e3%83%89-%e3%83%97%e3%83%ac/,2026-09-04T12:02:57,
411,W杯2026：ティンバー離脱でオランダに試練、デ・リフトも背中手術で欠場,column,1491,https://premier-blog.com/2026/06/17/w%e6%9d%af2026%ef%bc%9a%e3%83%86%e3%82%a3%e3%83%b3%e3%83%90%e3%83%bc%e9%9b%a2%e8%84%b1%e3%81%a7%e3%82%aa%e3%83%a9%e3%83%b3%e3%83%80%e3%81%ab%e8%a9%a6%e7%b7%b4%e3%80%81%e3%83%87%e3%83%bb%e3%83%aa/,2026-06-17T11:09:59,
178,マンチェスター・シティ、エリオット・アンダーソン獲得へ正式オファー準備中,transfers,1510,https://premier-blog.com/2026/06/09/%e3%83%9e%e3%83%b3%e3%83%81%e3%82%a7%e3%82%b9%e3%82%bf%e3%83%bc%e3%83%bb%e3%82%b7%e3%83%86%e3%82%a3%e3%80%81%e3%82%a8%e3%83%aa%e3%82%aa%e3%83%83%e3%83%88%e3%83%bb%e3%82%a2%e3%83%b3%e3%83%80%e3%83%bc/,2026-06-09T07:36:35,
240,マンチェスター・ユナイテッド、マテウス・フェルナンデス獲得に継続的な関心　複数クラブと争奪戦へ,united,1517,https://premier-blog.com/2026/06/11/%e3%83%9e%e3%83%b3%e3%83%81%e3%82%a7%e3%82%b9%e3%82%bf%e3%83%bc%e3%83%bb%e3%83%a6%e3%83%8a%e3%82%a4%e3%83%86%e3%83%83%e3%83%89%e3%80%81%e3%83%9e%e3%83%86%e3%82%a6%e3%82%b9%e3%83%bb%e3%83%95%e3%82%a7/,2026-06-11T10:11:17,
188,イグナツィオ・アバテ、トリノFCの新監督に就任合意――2028年6月まで2年契約,transfers,1523,https://premier-blog.com/2026/06/09/%e3%82%a4%e3%82%b0%e3%83%8a%e3%83%84%e3%82%a3%e3%82%aa%e3%83%bb%e3%82%a2%e3%83%90%e3%83%86%e3%80%81%e3%83%88%e3%83%aa%e3%83%8efc%e3%81%ae%e6%96%b0%e7%9b%a3%e7%9d%a3%e3%81%ab%e5%b0%b1%e4%bb%bb%e5%90%88/,2026-06-09T07:36:30,
175,モウリーニョがユナイテッドの補強を妨害？マテウス・フェルナンデス争奪戦の行方,europe,1540,https://premier-blog.com/2026/06/09/%e3%83%a2%e3%82%a6%e3%83%aa%e3%83%bc%e3%83%8b%e3%83%a7%e3%81%8c%e3%83%a6%e3%83%8a%e3%82%a4%e3%83%86%e3%83%83%e3%83%89%e3%81%ae%e8%a3%9c%e5%bc%b7%e3%82%92%e5%a6%a8%e5%ae%b3%ef%bc%9f%e3%83%9e%e3%83%86/,2026-06-09T07:35:04,
349,ラミン・ヤマル、ハムストリング負傷を乗り越えW杯出場へ「完璧な状態」とスペイン監督が太鼓判,column,1577,https://premier-blog.com/2026/06/15/%e3%83%a9%e3%83%9f%e3%83%b3%e3%83%bb%e3%83%a4%e3%83%9e%e3%83%ab%e3%80%81%e3%83%8f%e3%83%a0%e3%82%b9%e3%83%88%e3%83%aa%e3%83%b3%e3%82%b0%e8%b2%a0%e5%82%b7%e3%82%92%e4%b9%97%e3%82%8a%e8%b6%8a%e3%81%88w/,2026-06-15T10:17:11,
369,ルーニーがW杯でイングランド決勝進出を予言、サカの重要性も強調,united,1587,https://premier-blog.com/2026/06/16/%e3%83%ab%e3%83%bc%e3%83%8b%e3%83%bc%e3%81%8cw%e6%9d%af%e3%81%a7%e3%82%a4%e3%83%b3%e3%82%b0%e3%83%a9%e3%83%b3%e3%83%89%e6%b1%ba%e5%8b%9d%e9%80%b2%e5%87%ba%e3%82%92%e4%ba%88%e8%a8%80%e3%80%81%e3%82%b5/,2026-06-16T14:07:36,
12,マン・ユナイテッドの夏の移籍市場：マイケル・キャリック体制で大型補強計画、エデルソンら4主要ターゲットと7選手放出,transfers,1591,https://premier-blog.com/2026/06/05/%e3%83%9e%e3%83%b3%e3%83%bb%e3%83%a6%e3%83%8a%e3%82%a4%e3%83%86%e3%83%83%e3%83%89%e3%81%ae%e5%a4%8f%e3%81%ae%e7%a7%bb%e7%b1%8d%e5%b8%82%e5%a0%b4%ef%bc%9a%e3%83%9e%e3%82%a4%e3%82%b1%e3%83%ab%e3%83%bb/,2026-06-05T20:17:12,
230,モウリーニョ、レアル・マドリード監督就任正式決定――ベンフィカに違約金1500万ユーロ支払い,europe,1594,https://premier-blog.com/2026/06/10/%e3%83%a2%e3%82%a6%e3%83%aa%e3%83%bc%e3%83%8b%e3%83%a7%e3%80%81%e3%83%ac%e3%82%a2%e3%83%ab%e3%83%bb%e3%83%9e%e3%83%89%e3%83%aa%e3%83%bc%e3%83%89%e7%9b%a3%e7%9d%a3%e5%b0%b1%e4%bb%bb%e6%ad%a3%e5%bc%8f/,2026-06-10T11:17:56,
115,アデモラ・ルックマン、アーセナルへのオファーが浮上——移籍金4300万ポンドの争奪戦,transfers,1617,https://premier-blog.com/2026/06/07/%e3%82%a2%e3%83%87%e3%83%a2%e3%83%a9%e3%83%bb%e3%83%ab%e3%83%83%e3%82%af%e3%83%9e%e3%83%b3%e3%80%81%e3%82%a2%e3%83%bc%e3%82%bb%e3%83%8a%e3%83%ab%e3%81%b8%e3%81%ae%e3%82%aa%e3%83%95%e3%82%a1%e3%83%bc/,2026-06-07T07:10:59,
257,マン・シティがアンダーソン獲得へ新オファー、マン・ユナイテッドも争奪戦参戦,transfers,1617,https://premier-blog.com/2026/06/11/%e3%83%9e%e3%83%b3%e3%83%bb%e3%82%b7%e3%83%86%e3%82%a3%e3%81%8c%e3%82%a2%e3%83%b3%e3%83%80%e3%83%bc%e3%82%bd%e3%83%b3%e7%8d%b2%e5%be%97%e3%81%b8%e6%96%b0%e3%82%aa%e3%83%95%e3%82%a1%e3%83%bc%e3%80%81/,2026-06-11T10:11:08,
98,バイエルン、17歳リバプールのリオ・グウェモア獲得へ動く,transfers,1621,https://premier-blog.com/2026/06/06/%e3%83%90%e3%82%a4%e3%82%a8%e3%83%ab%e3%83%b3%e3%80%8117%e6%ad%b3%e3%83%aa%e3%83%90%e3%83%97%e3%83%bc%e3%83%ab%e3%81%ae%e3%83%aa%e3%82%aa%e3%83%bb%e3%82%b0%e3%82%a6%e3%82%a7%e3%83%a2%e3%82%a2%e7%8d%b2/,2026-06-06T08:45:21,
299,PSGがマン・ユナイテッドの移籍ターゲット、マテウス・フェルナンデス（£8000万）の争奪戦に参戦,united,1631,https://premier-blog.com/2026/06/12/psg%e3%81%8c%e3%83%9e%e3%83%b3%e3%83%bb%e3%83%a6%e3%83%8a%e3%82%a4%e3%83%86%e3%83%83%e3%83%89%e3%81%ae%e7%a7%bb%e7%b1%8d%e3%82%bf%e3%83%bc%e3%82%b2%e3%83%83%e3%83%88%e3%80%81%e3%83%9e%e3%83%86/,2026-06-12T09:25:09,
336,エデルソン、ワールドカップ招集でユナイテッド加入が遅延へ――移籍金3500万ポンドの最新情報,united,1645,https://premier-blog.com/2026/06/15/%e3%82%a8%e3%83%87%e3%83%ab%e3%82%bd%e3%83%b3%e3%80%81%e3%83%af%e3%83%bc%e3%83%ab%e3%83%89%e3%82%ab%e3%83%83%e3%83%97%e6%8b%9b%e9%9b%86%e3%81%a7%e3%83%a6%e3%83%8a%e3%82%a4%e3%83%86%e3%83%83%e3%83%89/,2026-06-15T10:17:15,
401,アフォンソ・モレイラ、バイエル・レバークーゼンへ移籍合意　リヨンに3200万ユーロ,transfers,1645,https://premier-blog.com/2026/06/17/%e3%82%a2%e3%83%95%e3%82%a9%e3%83%b3%e3%82%bd%e3%83%bb%e3%83%a2%e3%83%ac%e3%82%a4%e3%83%a9%e3%80%81%e3%83%90%e3%82%a4%e3%82%a8%e3%83%ab%e3%83%bb%e3%83%ac%e3%83%90%e3%83%bc%e3%82%af%e3%83%bc%e3%82%bc/,2026-06-17T11:10:03,
339,マンチェスター・ユナイテッド、5億5000万ドル資金調達も金利1.57%上昇の打撃,united,1652,https://premier-blog.com/2026/06/15/%e3%83%9e%e3%83%b3%e3%83%81%e3%82%a7%e3%82%b9%e3%82%bf%e3%83%bc%e3%83%bb%e3%83%a6%e3%83%8a%e3%82%a4%e3%83%86%e3%83%83%e3%83%89%e3%80%815%e5%84%845000%e4%b8%87%e3%83%89%e3%83%ab%e8%b3%87%e9%87%91/,2026-06-15T10:17:13,
289,キーラン・マッケンナ監督辞任——4年で3度昇格のイプスウィッチを離れる,column,1666,https://premier-blog.com/2026/06/11/%e3%82%ad%e3%83%bc%e3%83%a9%e3%83%b3%e3%83%bb%e3%83%9e%e3%83%83%e3%82%b1%e3%83%b3%e3%83%8a%e7%9b%a3%e7%9d%a3%e8%be%9e%e4%bb%bb-4%e5%b9%b4%e3%81%a73%e5%ba%a6%e6%98%87%e6%a0%bc%e3%81%ae/,2026-06-11T10:10:52,
129,アルベルト・アクィラーニ、サッスオーロ新監督に就任合意――契約は2028年6月まで,transfers,1675,https://premier-blog.com/2026/06/07/%e3%82%a2%e3%83%ab%e3%83%99%e3%83%ab%e3%83%88%e3%83%bb%e3%82%a2%e3%82%af%e3%82%a3%e3%83%a9%e3%83%bc%e3%83%8b%e3%80%81%e3%82%b5%e3%83%83%e3%82%b9%e3%82%aa%e3%83%bc%e3%83%ad%e6%96%b0%e7%9b%a3%e7%9d%a3/,2026-06-07T10:00:46,
38,レアル・マドリード会長選候補がハーランド獲得を公証人の前で宣言、マンCが法的措置を警告,transfers,1681,https://premier-blog.com/2026/06/05/%e3%83%ac%e3%82%a2%e3%83%ab%e3%83%bb%e3%83%9e%e3%83%89%e3%83%aa%e3%83%bc%e3%83%89%e4%bc%9a%e9%95%b7%e9%81%b8%e5%80%99%e8%a3%9c%e3%81%8c%e3%83%8f%e3%83%bc%e3%83%a9%e3%83%b3%e3%83%89%e7%8d%b2%e5%be%97/,2026-06-05T20:17:12,
365,マンチェスター・ユナイテッドがAmazon「All or Nothing」に登場、記録的契約で2026-27シーズンを密着撮影,united,1686,https://premier-blog.com/2026/06/16/%e3%83%9e%e3%83%b3%e3%83%81%e3%82%a7%e3%82%b9%e3%82%bf%e3%83%bc%e3%83%bb%e3%83%a6%e3%83%8a%e3%82%a4%e3%83%86%e3%83%83%e3%83%89%e3%81%8camazon%e3%80%8call-or-nothing%e3%80%8d%e3%81%ab%e7%99%bb%e5%a0%b4/,2026-06-16T14:07:39,
208,マテウス・フェルナンデス争奪戦：マンUが第1希望、アーセナルも参戦,united,1691,https://premier-blog.com/2026/06/10/%e3%83%9e%e3%83%86%e3%82%a6%e3%82%b9%e3%83%bb%e3%83%95%e3%82%a7%e3%83%ab%e3%83%8a%e3%83%b3%e3%83%87%e3%82%b9%e4%ba%89%e5%a5%aa%e6%88%a6%ef%bc%9a%e3%83%9e%e3%83%b3u%e3%81%8c%e7%ac%ac1%e5%b8%8c%e6%9c%9b/,2026-06-10T11:18:09,
112,マンチェスター・ユナイテッド、エデルソンを4500万ユーロで獲得合意――7月加入へ手続き完了,transfers,1697,https://premier-blog.com/2026/06/07/%e3%83%9e%e3%83%b3%e3%83%81%e3%82%a7%e3%82%b9%e3%82%bf%e3%83%bc%e3%83%bb%e3%83%a6%e3%83%8a%e3%82%a4%e3%83%86%e3%83%83%e3%83%89%e3%80%81%e3%82%a8%e3%83%87%e3%83%ab%e3%82%bd%e3%83%b3%e3%82%924500/,2026-06-07T07:11:01,
293,マンチェスター・シティ、エリオット・アンダーソン獲得へ£122m2度目入札もフォレスト拒否,column,1728,https://premier-blog.com/2026/06/11/%e3%83%9e%e3%83%b3%e3%83%81%e3%82%a7%e3%82%b9%e3%82%bf%e3%83%bc%e3%83%bb%e3%82%b7%e3%83%86%e3%82%a3%e3%80%81%e3%82%a8%e3%83%aa%e3%82%aa%e3%83%83%e3%83%88%e3%83%bb%e3%82%a2%e3%83%b3%e3%83%80%e3%83%bc-2/,2026-06-11T10:10:50,
191,ダルウィン・ヌニェス、リバプール復帰を熱望──バルサ・チェルシーも争奪戦に参戦,europe,1729,https://premier-blog.com/2026/06/09/%e3%83%80%e3%83%ab%e3%82%a6%e3%82%a3%e3%83%b3%e3%83%bb%e3%83%8c%e3%83%8b%e3%82%a7%e3%82%b9%e3%80%81%e3%83%aa%e3%83%90%e3%83%97%e3%83%bc%e3%83%ab%e5%be%a9%e5%b8%b0%e3%82%92%e7%86%b1%e6%9c%9b%e2%94%80/,2026-06-09T07:36:27,
250,マン・シティ、アンダーソンに1億0600万ポンドの新オファー提示――フォレストは拒否,transfers,1736,https://premier-blog.com/2026/06/11/%e3%83%9e%e3%83%b3%e3%83%bb%e3%82%b7%e3%83%86%e3%82%a3%e3%80%81%e3%82%a2%e3%83%b3%e3%83%80%e3%83%bc%e3%82%bd%e3%83%b3%e3%81%ab1%e5%84%840600%e4%b8%87%e3%83%9d%e3%83%b3%e3%83%89%e3%81%ae%e6%96%b0/,2026-06-11T10:11:12,
362,アモリム解任でマンUが補償金£8〜10m節約へ、ACミラン移籍が鍵,united,1752,https://premier-blog.com/2026/06/16/%e3%82%a2%e3%83%a2%e3%83%aa%e3%83%a0%e8%a7%a3%e4%bb%bb%e3%81%a7%e3%83%9e%e3%83%b3u%e3%81%8c%e8%a3%9c%e5%84%9f%e9%87%918%e3%80%9c10m%e7%af%80%e7%b4%84%e3%81%b8%e3%80%81ac%e3%83%9f%e3%83%a9%e3%83%b3/,2026-06-16T14:07:42,
406,ルベン・アモリム、ACミラン監督就任確定——マンU財政にも恩恵,column,1760,https://premier-blog.com/2026/06/17/%e3%83%ab%e3%83%99%e3%83%b3%e3%83%bb%e3%82%a2%e3%83%a2%e3%83%aa%e3%83%a0%e3%80%81ac%e3%83%9f%e3%83%a9%e3%83%b3%e7%9b%a3%e7%9d%a3%e5%b0%b1%e4%bb%bb%e7%a2%ba%e5%ae%9a-%e3%83%9e%e3%83%b3/,2026-06-17T11:10:02,
2029,マンチェスター・ユナイテッドのアカデミー出身者、「85年連続」を支えた成功選手は誰？,column,1762,https://premier-blog.com/2026/08/22/%e3%83%9e%e3%83%b3%e3%83%81%e3%82%a7%e3%82%b9%e3%82%bf%e3%83%bc%e3%83%bb%e3%83%a6%e3%83%8a%e3%82%a4%e3%83%86%e3%83%83%e3%83%89%e3%81%ae%e3%82%a2%e3%82%ab%e3%83%87%e3%83%9f%e3%83%bc%e5%87%ba%e8%ba%ab/,2026-08-22T10:50:55,
1992,マンチェスター・ユナイテッドの欧州タイトルは全部で何個？歴代制覇の全記録,united,1767,https://premier-blog.com/2026/08/21/%e3%83%9e%e3%83%b3%e3%83%81%e3%82%a7%e3%82%b9%e3%82%bf%e3%83%bc%e3%83%bb%e3%83%a6%e3%83%8a%e3%82%a4%e3%83%86%e3%83%83%e3%83%89%e3%81%ae%e6%ac%a7%e5%b7%9e%e3%82%bf%e3%82%a4%e3%83%88%e3%83%ab%e3%81%af/,2026-08-21T09:39:56,
358,トッテナム、マン・シティ選手2名を計1億ポンドで獲得へ動く——バオヤ争奪戦にも参戦,united,1777,https://premier-blog.com/2026/06/16/%e3%83%88%e3%83%83%e3%83%86%e3%83%8a%e3%83%a0%e3%80%81%e3%83%9e%e3%83%b3%e3%83%bb%e3%82%b7%e3%83%86%e3%82%a3%e9%81%b8%e6%89%8b2%e5%90%8d%e3%82%92%e8%a8%881%e5%84%84%e3%83%9d%e3%83%b3%e3%83%89%e3%81%a7/,2026-06-16T14:07:43,
157,エデルソン、移籍合意直後にブラジルW杯緊急招集——ユナイテッド正式発表は持ち越し,transfers,1787,https://premier-blog.com/2026/06/08/%e3%82%a8%e3%83%87%e3%83%ab%e3%82%bd%e3%83%b3%e3%80%81%e7%a7%bb%e7%b1%8d%e5%90%88%e6%84%8f%e7%9b%b4%e5%be%8c%e3%81%ab%e3%83%96%e3%83%a9%e3%82%b8%e3%83%abw%e6%9d%af%e7%b7%8a%e6%80%a5%e6%8b%9b%e9%9b%86/,2026-06-08T09:52:46,
217,ウルブズ、トリッピアー＆ラウル・ヒメネスを24時間でW無料獲得——チャンピオンシップ再建へ,europe,1793,https://premier-blog.com/2026/06/10/%e3%82%a6%e3%83%ab%e3%83%96%e3%82%ba%e3%80%81%e3%83%88%e3%83%aa%e3%83%83%e3%83%94%e3%82%a2%e3%83%bc%ef%bc%86%e3%83%a9%e3%82%a6%e3%83%ab%e3%83%bb%e3%83%92%e3%83%a1%e3%83%8d%e3%82%b9%e3%82%9224%e6%99%82/,2026-06-10T11:18:04,
245,マン・シティ、エリオット・アンダーソン獲得へ1億2100万ポンドの新提示額を提出,transfers,1795,https://premier-blog.com/2026/06/11/%e3%83%9e%e3%83%b3%e3%83%bb%e3%82%b7%e3%83%86%e3%82%a3%e3%80%81%e3%82%a8%e3%83%aa%e3%82%aa%e3%83%83%e3%83%88%e3%83%bb%e3%82%a2%e3%83%b3%e3%83%80%e3%83%bc%e3%82%bd%e3%83%b3%e7%8d%b2%e5%be%97%e3%81%b81/,2026-06-11T10:11:15,
2482,マンチェスター・ユナイテッド vs サバーFK プレビュー｜UEFAチャンピオンズリーグ第1節・見どころ,united,1796,https://premier-blog.com/2026/09/08/%e3%83%9e%e3%83%b3%e3%83%81%e3%82%a7%e3%82%b9%e3%82%bf%e3%83%bc%e3%83%bb%e3%83%a6%e3%83%8a%e3%82%a4%e3%83%86%e3%83%83%e3%83%89-vs-%e3%82%b5%e3%83%90%e3%83%bcfk-%e3%83%97%e3%83%ac%e3%83%93%e3%83%a5/,2026-09-08T11:03:33,
423,トッテナム、トナーリ争奪戦に参戦——移籍金1億ポンドでアーセナル・マンCと三つ巴,column,1803,https://premier-blog.com/2026/06/18/%e3%83%88%e3%83%83%e3%83%86%e3%83%8a%e3%83%a0%e3%80%81%e3%83%88%e3%83%8a%e3%83%bc%e3%83%aa%e4%ba%89%e5%a5%aa%e6%88%a6%e3%81%ab%e5%8f%82%e6%88%a6-%e7%a7%bb%e7%b1%8d%e9%87%911%e5%84%84/,2026-06-18T08:52:52,
103,エミリアーノ・マルティネス争奪戦：ユベントスとインテルが争奪、年俸700万ユーロが壁,europe,1804,https://premier-blog.com/2026/06/06/%e3%82%a8%e3%83%9f%e3%83%aa%e3%82%a2%e3%83%bc%e3%83%8e%e3%83%bb%e3%83%9e%e3%83%ab%e3%83%86%e3%82%a3%e3%83%8d%e3%82%b9%e4%ba%89%e5%a5%aa%e6%88%a6%ef%bc%9a%e3%83%a6%e3%83%99%e3%83%b3%e3%83%88%e3%82%b9/,2026-06-06T08:45:19,
89,マン・ユナイテッドがンジャイェ獲得へ、エバートンが移籍金を設定,transfers,1821,https://premier-blog.com/2026/06/06/%e3%83%9e%e3%83%b3%e3%83%bb%e3%83%a6%e3%83%8a%e3%82%a4%e3%83%86%e3%83%83%e3%83%89%e3%81%8c%e3%83%b3%e3%82%b8%e3%83%a3%e3%82%a4%e3%82%a7%e7%8d%b2%e5%be%97%e3%81%b8%e3%80%81%e3%82%a8%e3%83%90%e3%83%bc/,2026-06-06T08:45:25,
419,リバプール、ムニョス獲得でニューカッスルを逆転——移籍金3000万ユーロ超,transfers,1840,https://premier-blog.com/2026/06/18/%e3%83%aa%e3%83%90%e3%83%97%e3%83%bc%e3%83%ab%e3%80%81%e3%83%a0%e3%83%8b%e3%83%a7%e3%82%b9%e7%8d%b2%e5%be%97%e3%81%a7%e3%83%8b%e3%83%a5%e3%83%bc%e3%82%ab%e3%83%83%e3%82%b9%e3%83%ab%e3%82%92%e9%80%86/,2026-06-18T08:52:55,
72,ラファエル・レアオ、マンUとアーセナルへの移籍を夏に拒否か——移籍金43億円報道の全容,transfers,1857,https://premier-blog.com/2026/06/06/%e3%83%a9%e3%83%95%e3%82%a1%e3%82%a8%e3%83%ab%e3%83%bb%e3%83%ac%e3%82%a2%e3%82%aa%e3%80%81%e3%83%9e%e3%83%b3u%e3%81%a8%e3%82%a2%e3%83%bc%e3%82%bb%e3%83%8a%e3%83%ab%e3%81%b8%e3%81%ae%e7%a7%bb%e7%b1%8d/,2026-06-06T08:45:34,
24,アーセナル、レスターの&#8221;世代の逸材&#8221;モンガ獲得へ前進――ユナイテッドとチェルシーを退ける,transfers,1865,https://premier-blog.com/2026/06/05/%e3%82%a2%e3%83%bc%e3%82%bb%e3%83%8a%e3%83%ab%e3%80%81%e3%83%ac%e3%82%b9%e3%82%bf%e3%83%bc%e3%81%ae%e4%b8%96%e4%bb%a3%e3%81%ae%e9%80%b8%e6%9d%90%e3%83%a2%e3%83%b3%e3%82%ac%e7%8d%b2%e5%be%97/,2026-06-05T20:17:12,
319,クーニャ争奪戦にマン・ユナイテッドも参戦、チェルシーは移籍金約60億円を要求,column,1871,https://premier-blog.com/2026/06/12/%e3%82%af%e3%83%bc%e3%83%8b%e3%83%a3%e4%ba%89%e5%a5%aa%e6%88%a6%e3%81%ab%e3%83%9e%e3%83%b3%e3%83%bb%e3%83%a6%e3%83%8a%e3%82%a4%e3%83%86%e3%83%83%e3%83%89%e3%82%82%e5%8f%82%e6%88%a6%e3%80%81%e3%83%81/,2026-06-12T09:24:58,
276,ジェイドン・サンチョ、マン・ユナイテッド退団確定——プレミア中堅クラブへの移籍が濃厚,united,1886,https://premier-blog.com/2026/06/11/%e3%82%b8%e3%82%a7%e3%82%a4%e3%83%89%e3%83%b3%e3%83%bb%e3%82%b5%e3%83%b3%e3%83%81%e3%83%a7%e3%80%81%e3%83%9e%e3%83%b3%e3%83%bb%e3%83%a6%e3%83%8a%e3%82%a4%e3%83%86%e3%83%83%e3%83%89%e9%80%80%e5%9b%a3/,2026-06-11T10:10:59,
124,アーセナル、PSGの18歳DFエマニュエル・ムベンバをフリーで獲得へアプローチ,transfers,1891,https://premier-blog.com/2026/06/07/%e3%82%a2%e3%83%bc%e3%82%bb%e3%83%8a%e3%83%ab%e3%80%81psg%e3%81%ae18%e6%ad%b3df%e3%82%a8%e3%83%9e%e3%83%8b%e3%83%a5%e3%82%a8%e3%83%ab%e3%83%bb%e3%83%a0%e3%83%99%e3%83%b3%e3%83%90%e3%82%92%e3%83%95/,2026-06-07T10:00:49,
14,アーセナルがモーガン・ロジャーズを1億ポンドで狙う — マンU・シティとの争奪戦が激化,united,1894,https://premier-blog.com/2026/06/05/%e3%82%a2%e3%83%bc%e3%82%bb%e3%83%8a%e3%83%ab%e3%81%8c%e3%83%a2%e3%83%bc%e3%82%ac%e3%83%b3%e3%83%bb%e3%83%ad%e3%82%b8%e3%83%a3%e3%83%bc%e3%82%ba%e3%82%921%e5%84%84%e3%83%9d%e3%83%b3%e3%83%89%e3%81%a7/,2026-06-05T20:17:12,
166,ラファエル・レオン、ACミラン退団意思を表明——アーセナルとマン・ユナイテッドが獲得競争,transfers,1920,https://premier-blog.com/2026/06/09/%e3%83%a9%e3%83%95%e3%82%a1%e3%82%a8%e3%83%ab%e3%83%bb%e3%83%ac%e3%82%aa%e3%83%b3%e3%80%81ac%e3%83%9f%e3%83%a9%e3%83%b3%e9%80%80%e5%9b%a3%e6%84%8f%e6%80%9d%e3%82%92%e8%a1%a8%e6%98%8e/,2026-06-09T07:12:37,
387,マン・ユナイテッドとアーセナルが争奪戦！マヌ・コネ移籍最新情報2026,united,1926,https://premier-blog.com/2026/06/17/%e3%83%9e%e3%83%b3%e3%83%bb%e3%83%a6%e3%83%8a%e3%82%a4%e3%83%86%e3%83%83%e3%83%89%e3%81%a8%e3%82%a2%e3%83%bc%e3%82%bb%e3%83%8a%e3%83%ab%e3%81%8c%e4%ba%89%e5%a5%aa%e6%88%a6%ef%bc%81%e3%83%9e%e3%83%8c/,2026-06-17T11:10:12,
144,ミカエル・オリーズ、バイエルン残留かプレミア復帰か？デシャン監督も注目,europe,1939,https://premier-blog.com/2026/06/07/%e3%83%9f%e3%82%ab%e3%82%a8%e3%83%ab%e3%83%bb%e3%82%aa%e3%83%aa%e3%83%bc%e3%82%ba%e3%80%81%e3%83%90%e3%82%a4%e3%82%a8%e3%83%ab%e3%83%b3%e6%ae%8b%e7%95%99%e3%81%8b%e3%83%97%e3%83%ac%e3%83%9f%e3%82%a2/,2026-06-07T10:00:39,
134,トッテナム、アンディ・ロバートソンとマルコス・セネシをフリーで獲得完了,transfers,1942,https://premier-blog.com/2026/06/07/%e3%83%88%e3%83%83%e3%83%86%e3%83%8a%e3%83%a0%e3%80%81%e3%82%a2%e3%83%b3%e3%83%87%e3%82%a3%e3%83%bb%e3%83%ad%e3%83%90%e3%83%bc%e3%83%88%e3%82%bd%e3%83%b3%e3%81%a8%e3%83%9e%e3%83%ab%e3%82%b3%e3%82%b9/,2026-06-07T10:00:43,
315,ベルナルド・シルバ、レアル・マドリードへ移籍合意――フリー移籍で2年契約,europe,1951,https://premier-blog.com/2026/06/12/%e3%83%99%e3%83%ab%e3%83%8a%e3%83%ab%e3%83%89%e3%83%bb%e3%82%b7%e3%83%ab%e3%83%90%e3%80%81%e3%83%ac%e3%82%a2%e3%83%ab%e3%83%bb%e3%83%9e%e3%83%89%e3%83%aa%e3%83%bc%e3%83%89%e3%81%b8%e7%a7%bb%e7%b1%8d/,2026-06-12T09:25:01,
272,マンU、元シェフィールド・ウェンズデー選手デレ＝バシル―をウィッシュリストに追加。今夏3人のMF獲得へ1億5000万ポンド投資計画,united,1957,https://premier-blog.com/2026/06/11/%e3%83%9e%e3%83%b3u%e3%80%81%e5%85%83%e3%82%b7%e3%82%a7%e3%83%95%e3%82%a3%e3%83%bc%e3%83%ab%e3%83%89%e3%83%bb%e3%82%a6%e3%82%a7%e3%83%b3%e3%82%ba%e3%83%87%e3%83%bc%e9%81%b8%e6%89%8b%e3%83%87%e3%83%ac/,2026-06-11T10:11:02,
2197,開幕未勝利のユナイテッド、オールド・トラフォードで迎える正念場——好調イプスウィッチに死角はあるか,united,1962,https://premier-blog.com/2026/08/29/%e3%83%9e%e3%83%b3%e3%83%81%e3%82%a7%e3%82%b9%e3%82%bf%e3%83%bc%e3%83%bb%e3%83%a6%e3%83%8a%e3%82%a4%e3%83%86%e3%83%83%e3%83%89-vs-%e3%82%a4%e3%83%97%e3%82%b9%e3%82%a6%e3%82%a3%e3%83%83%e3%83%81/,2026-08-29T09:27:33,
281,マンUが7000万ポンドでマテウス・フェルナンデス獲得へ前進、ブルーノも移籍か,united,1964,https://premier-blog.com/2026/06/11/%e3%83%9e%e3%83%b3u%e3%81%8c7000%e4%b8%87%e3%83%9d%e3%83%b3%e3%83%89%e3%81%a7%e3%83%9e%e3%83%86%e3%82%a6%e3%82%b9%e3%83%bb%e3%83%95%e3%82%a7%e3%83%ab%e3%83%8a%e3%83%b3%e3%83%87%e3%82%b9%e7%8d%b2/,2026-06-11T10:10:57,
139,ベルナルド・シルバ、マンチェスター・シティ退団へ――バルセロナ・アトレティコ・ベンフィカが争奪戦,europe,1988,https://premier-blog.com/2026/06/07/%e3%83%99%e3%83%ab%e3%83%8a%e3%83%ab%e3%83%89%e3%83%bb%e3%82%b7%e3%83%ab%e3%83%90%e3%80%81%e3%83%9e%e3%83%b3%e3%83%81%e3%82%a7%e3%82%b9%e3%82%bf%e3%83%bc%e3%83%bb%e3%82%b7%e3%83%86%e3%82%a3%e9%80%80/,2026-06-07T10:00:41,
85,マン・ユナイテッド、40歳GKトム・ヒートンと1年契約延長——指揮官が役割を語る,transfers,1990,https://premier-blog.com/2026/06/06/%e3%83%9e%e3%83%b3%e3%83%bb%e3%83%a6%e3%83%8a%e3%82%a4%e3%83%86%e3%83%83%e3%83%89%e3%80%8140%e6%ad%b3gk%e3%83%88%e3%83%a0%e3%83%bb%e3%83%92%e3%83%bc%e3%83%88%e3%83%b3%e3%81%a81%e5%b9%b4%e5%a5%91/,2026-06-06T08:45:27,
170,ウェスト・ハム、マテウス・フェルナンデスの売却額を8500万ポンドに設定——マンUが本格獲得へ,united,2002,https://premier-blog.com/2026/06/09/%e3%82%a6%e3%82%a7%e3%82%b9%e3%83%88%e3%83%bb%e3%83%8f%e3%83%a0%e3%80%81%e3%83%9e%e3%83%86%e3%82%a6%e3%82%b9%e3%83%bb%e3%83%95%e3%82%a7%e3%83%ab%e3%83%8a%e3%83%b3%e3%83%87%e3%82%b9%e3%81%ae%e5%a3%b2/,2026-06-09T07:12:34,
307,アルテタ続投確定、アーセナルが22年ぶり優勝後も積極補強へ,united,2010,https://premier-blog.com/2026/06/12/%e3%82%a2%e3%83%ab%e3%83%86%e3%82%bf%e7%b6%9a%e6%8a%95%e7%a2%ba%e5%ae%9a%e3%80%81%e3%82%a2%e3%83%bc%e3%82%bb%e3%83%8a%e3%83%ab%e3%81%8c22%e5%b9%b4%e3%81%b6%e3%82%8a%e5%84%aa%e5%8b%9d%e5%be%8c%e3%82%82/,2026-06-12T09:25:04,
81,リバプール、アラオラ体制初の補強はア・スコット（4000万ポンド）？ユナイテッドとの争奪戦も,transfers,2022,https://premier-blog.com/2026/06/06/%e3%83%aa%e3%83%90%e3%83%97%e3%83%bc%e3%83%ab%e3%80%81%e3%82%a2%e3%83%a9%e3%82%aa%e3%83%a9%e4%bd%93%e5%88%b6%e5%88%9d%e3%81%ae%e8%a3%9c%e5%bc%b7%e3%81%af%e3%82%a2%e3%83%bb%e3%82%b9%e3%82%b3%e3%83%83/,2026-06-06T08:45:30,
355,チェルシーのマルク・クチュレラがレアル・マドリードへ移籍合意、移籍金は最大52億円,europe,2046,https://premier-blog.com/2026/06/15/%e3%83%81%e3%82%a7%e3%83%ab%e3%82%b7%e3%83%bc%e3%81%ae%e3%83%9e%e3%83%ab%e3%82%af%e3%83%bb%e3%82%af%e3%83%81%e3%83%a5%e3%83%ac%e3%83%a9%e3%81%8c%e3%83%ac%e3%82%a2%e3%83%ab%e3%83%bb%e3%83%9e%e3%83%89/,2026-06-15T10:17:08,
221,フリアン・アルバレス移籍交渉：レアル・マドリード1億5000万ユーロ入札をアトレティコが即拒否,europe,2054,https://premier-blog.com/2026/06/10/%e3%83%95%e3%83%aa%e3%82%a2%e3%83%b3%e3%83%bb%e3%82%a2%e3%83%ab%e3%83%90%e3%83%ac%e3%82%b9%e7%a7%bb%e7%b1%8d%e4%ba%a4%e6%b8%89%ef%bc%9a%e3%83%ac%e3%82%a2%e3%83%ab%e3%83%bb%e3%83%9e%e3%83%89%e3%83%aa/,2026-06-10T11:18:01,
225,レアル・マドリード、フリアン・アルバレスに1億5000万ユーロ入札もアトレティコが拒否,europe,2057,https://premier-blog.com/2026/06/10/%e3%83%ac%e3%82%a2%e3%83%ab%e3%83%bb%e3%83%9e%e3%83%89%e3%83%aa%e3%83%bc%e3%83%89%e3%80%81%e3%83%95%e3%83%aa%e3%82%a2%e3%83%b3%e3%83%bb%e3%82%a2%e3%83%ab%e3%83%90%e3%83%ac%e3%82%b9%e3%81%ab1%e5%84%845/,2026-06-10T11:18:00,
36,モウリーニョ、レアル・マドリード監督に3年契約で復帰決定――13年ぶりの再登板,transfers,2060,https://premier-blog.com/2026/06/05/%e3%83%a2%e3%82%a6%e3%83%aa%e3%83%bc%e3%83%8b%e3%83%a7%e3%80%81%e3%83%ac%e3%82%a2%e3%83%ab%e3%83%bb%e3%83%9e%e3%83%89%e3%83%aa%e3%83%bc%e3%83%89%e7%9b%a3%e7%9d%a3%e3%81%ab3%e5%b9%b4%e5%a5%91%e7%b4%84/,2026-06-05T20:17:12,
148,マン・ユナイテッド、エデルソン移籍合意も W杯召集で完了に遅延リスク,transfers,2069,https://premier-blog.com/2026/06/08/%e3%83%9e%e3%83%b3%e3%83%bb%e3%83%a6%e3%83%8a%e3%82%a4%e3%83%86%e3%83%83%e3%83%89%e3%80%81%e3%82%a8%e3%83%87%e3%83%ab%e3%82%bd%e3%83%b3%e7%a7%bb%e7%b1%8d%e5%90%88%e6%84%8f%e3%82%82-w%e6%9d%af%e5%8f%ac/,2026-06-08T09:53:42,
328,モーガン・ロジャーズ争奪戦：アストン・ビラが1億ポンドの値札、アーセナル・ユナイテッド・チェルシーが競合,united,2087,https://premier-blog.com/2026/06/15/%e3%83%a2%e3%83%bc%e3%82%ac%e3%83%b3%e3%83%bb%e3%83%ad%e3%82%b8%e3%83%a3%e3%83%bc%e3%82%ba%e4%ba%89%e5%a5%aa%e6%88%a6%ef%bc%9a%e3%82%a2%e3%82%b9%e3%83%88%e3%83%b3%e3%83%bb%e3%83%93%e3%83%a9%e3%81%8c1/,2026-06-15T10:17:18,
2595,マンチェスター・ユナイテッド vs マンチェスター・シティ 戦術分析｜第4節 マンチェスターダービー、ハーランドの決勝弾に&#8221;誤審&#8221;疑惑,match-reviews,2097,https://premier-blog.com/2026/09/14/%e3%83%9e%e3%83%b3%e3%83%81%e3%82%a7%e3%82%b9%e3%82%bf%e3%83%bc%e3%83%bb%e3%83%a6%e3%83%8a%e3%82%a4%e3%83%86%e3%83%83%e3%83%89-vs-%e3%83%9e%e3%83%b3%e3%83%81%e3%82%a7%e3%82%b9%e3%82%bf%e3%83%bc-3/,2026-09-14T09:30:11,
77,エリオット・アンダーソン、マン・ユナイテッドよりマン・シティを選ぶ理由——英国人移籍金記録も視野,united,2108,https://premier-blog.com/2026/06/06/%e3%82%a8%e3%83%aa%e3%82%aa%e3%83%83%e3%83%88%e3%83%bb%e3%82%a2%e3%83%b3%e3%83%80%e3%83%bc%e3%82%bd%e3%83%b3%e3%80%81%e3%83%9e%e3%83%b3%e3%83%bb%e3%83%a6%e3%83%8a%e3%82%a4%e3%83%86%e3%83%83%e3%83%89/,2026-06-06T08:45:31,
396,トッテナム、ファン・ヘッケを約52億円で獲得合意——デ・ゼルビ再タッグ実現へ,transfers,2130,https://premier-blog.com/2026/06/17/%e3%83%88%e3%83%83%e3%83%86%e3%83%8a%e3%83%a0%e3%80%81%e3%83%95%e3%82%a1%e3%83%b3%e3%83%bb%e3%83%98%e3%83%83%e3%82%b1%e3%82%92%e7%b4%8452%e5%84%84%e5%86%86%e3%81%a7%e7%8d%b2%e5%be%97%e5%90%88%e6%84%8f/,2026-06-17T11:10:06,
264,マンUのキャリック新監督、今夏4選手補強へ――エデルソン獲得近づく,united,2132,https://premier-blog.com/2026/06/11/%e3%83%9e%e3%83%b3u%e3%81%ae%e3%82%ad%e3%83%a3%e3%83%aa%e3%83%83%e3%82%af%e6%96%b0%e7%9b%a3%e7%9d%a3%e3%80%81%e4%bb%8a%e5%a4%8f4%e9%81%b8%e6%89%8b%e8%a3%9c%e5%bc%b7%e3%81%b8%e2%80%95%e2%80%95%e3%82%a8/,2026-06-11T10:11:07,
997,ヨハン・マンザンビ、アストン・ビラ移籍が有力——ワールドカップの活躍が移籍市場に波紋,transfers,2134,https://premier-blog.com/2026/07/13/%e3%83%a8%e3%83%8f%e3%83%b3%e3%83%bb%e3%83%9e%e3%83%b3%e3%82%b6%e3%83%b3%e3%83%93%e3%80%81%e3%82%a2%e3%82%b9%e3%83%88%e3%83%b3%e3%83%bb%e3%83%93%e3%83%a9%e7%a7%bb%e7%b1%8d%e3%81%8c%e6%9c%89%e5%8a%9b/,2026-07-13T14:01:11,
1402,マンチェスター・ユナイテッド 2026-27シーズン 背番号一覧,column,2134,https://premier-blog.com/2026/07/27/%e3%83%9e%e3%83%b3%e3%83%81%e3%82%a7%e3%82%b9%e3%82%bf%e3%83%bc%e3%83%bb%e3%83%a6%e3%83%8a%e3%82%a4%e3%83%86%e3%83%83%e3%83%892026-27%e8%83%8c%e7%95%aa%e5%8f%b7%e4%b8%80%e8%a6%a7%ef%bd%9c%e3%83%80/,2026-07-27T17:04:42,
204,マンUがマテウス・フェルナンデス獲得へ、ウェストハムの要求額は8000万ポンド,united,2138,https://premier-blog.com/2026/06/10/%e3%83%9e%e3%83%b3u%e3%81%8c%e3%83%9e%e3%83%86%e3%82%a6%e3%82%b9%e3%83%bb%e3%83%95%e3%82%a7%e3%83%ab%e3%83%8a%e3%83%b3%e3%83%87%e3%82%b9%e7%8d%b2%e5%be%97%e3%81%b8%e3%80%81%e3%82%a6%e3%82%a7%e3%82%b9/,2026-06-10T11:18:11,
383,ラッシュフォード、移籍金4000万ポンドでバイエルンが合意へ——ユナイテッドの去就最新情報,united,2139,https://premier-blog.com/2026/06/17/%e3%83%a9%e3%83%83%e3%82%b7%e3%83%a5%e3%83%95%e3%82%a9%e3%83%bc%e3%83%89%e3%80%81%e7%a7%bb%e7%b1%8d%e9%87%914000%e4%b8%87%e3%83%9d%e3%83%b3%e3%83%89%e3%81%a7%e3%83%90%e3%82%a4%e3%82%a8%e3%83%ab/,2026-06-17T11:10:15,
1928,アストン・ビラ、ワトキンスへのアル・ヒラル4500万ユーロ入札を拒否へ,transfers,2176,https://premier-blog.com/2026/08/19/%e3%82%a2%e3%82%b9%e3%83%88%e3%83%b3%e3%83%bb%e3%83%93%e3%83%a9%e3%80%81%e3%83%af%e3%83%88%e3%82%ad%e3%83%b3%e3%82%b9%e3%81%b8%e3%81%ae%e3%82%a2%e3%83%ab%e3%83%bb%e3%83%92%e3%83%a9%e3%83%ab4500/,2026-08-19T09:03:11,
21,アーセナル、フリアン・アルバレス獲得に追い風――アトレティコはオシムヘンを後継候補に,transfers,2187,https://premier-blog.com/2026/06/05/%e3%82%a2%e3%83%bc%e3%82%bb%e3%83%8a%e3%83%ab%e3%80%81%e3%83%95%e3%83%aa%e3%82%a2%e3%83%b3%e3%83%bb%e3%82%a2%e3%83%ab%e3%83%90%e3%83%ac%e3%82%b9%e7%8d%b2%e5%be%97%e3%81%ab%e8%bf%bd%e3%81%84%e9%a2%a8/,2026-06-05T20:17:12,
1261,アルバ・レドンド、ユベントス移籍が決定——スペイン女子代表MFがセリエAへ,europe,2203,https://premier-blog.com/2026/07/23/%e3%82%a2%e3%83%ab%e3%83%90%e3%83%bb%e3%83%ac%e3%83%89%e3%83%b3%e3%83%89%e3%80%81%e3%83%a6%e3%83%99%e3%83%b3%e3%83%88%e3%82%b9%e7%a7%bb%e7%b1%8d%e3%81%8c%e6%b1%ba%e5%ae%9a-%e3%82%b9/,2026-07-23T07:37:38,
2324,アストン・ビラ vs アーセナル 戦術分析｜第2節、サカの一撃が沈黙を破った接戦の真相,match-reviews,2208,https://premier-blog.com/2026/09/02/%e3%82%a2%e3%82%b9%e3%83%88%e3%83%b3%e3%83%bb%e3%83%93%e3%83%a9-vs-%e3%82%a2%e3%83%bc%e3%82%bb%e3%83%8a%e3%83%ab-%e6%88%a6%e8%a1%93%e5%88%86%e6%9e%90%ef%bd%9c%e7%ac%ac2%e7%af%80%e3%80%81%e3%82%b5/,2026-09-02T09:37:32,
2541,マンチェスター・ユナイテッド vs マンチェスター・シティ プレビュー｜プレミアリーグ第4節・見どころ,united,2236,https://premier-blog.com/2026/09/11/%e3%83%9e%e3%83%b3%e3%83%81%e3%82%a7%e3%82%b9%e3%82%bf%e3%83%bc%e3%83%bb%e3%83%a6%e3%83%8a%e3%82%a4%e3%83%86%e3%83%83%e3%83%89-vs-%e3%83%9e%e3%83%b3%e3%83%81%e3%82%a7%e3%82%b9%e3%82%bf%e3%83%bc-2/,2026-09-11T10:18:53,
1938,アルトゥール・メロ、ユベントスに契約解除を直訴——フリー移籍でのキャリア再建へ,europe,2250,https://premier-blog.com/2026/08/20/%e3%82%a2%e3%83%ab%e3%83%88%e3%82%a5%e3%83%bc%e3%83%ab%e3%83%bb%e3%83%a1%e3%83%ad%e3%80%81%e3%83%a6%e3%83%99%e3%83%b3%e3%83%88%e3%82%b9%e3%81%ab%e5%a5%91%e7%b4%84%e8%a7%a3%e9%99%a4%e3%82%92%e7%9b%b4/,2026-08-20T11:20:09,
1829,アストン・ビラ、マテオ・ルッジェーリ獲得へ　バーミンガムで契約手続き開始,europe,2254,https://premier-blog.com/2026/08/14/%e3%82%a2%e3%82%b9%e3%83%88%e3%83%b3%e3%83%bb%e3%83%93%e3%83%a9%e3%80%81%e3%83%9e%e3%83%86%e3%82%aa%e3%83%bb%e3%83%ab%e3%83%83%e3%82%b8%e3%82%a7%e3%83%bc%e3%83%aa%e7%8d%b2%e5%be%97%e3%81%b8%e3%80%80/,2026-08-14T08:41:23,
391,ルーニーがトゥヘルの「奇妙な決断」を批判――マグワイアとショーがW杯落選,united,2272,https://premier-blog.com/2026/06/17/%e3%83%ab%e3%83%bc%e3%83%8b%e3%83%bc%e3%81%8c%e3%83%88%e3%82%a5%e3%83%98%e3%83%ab%e3%81%ae%e3%80%8c%e5%a5%87%e5%a6%99%e3%81%aa%e6%b1%ba%e6%96%ad%e3%80%8d%e3%82%92%e6%89%b9%e5%88%a4%e2%80%95%e2%80%95/,2026-06-17T11:10:09,
621,ロベルト・デ・ゼルビ監督、マーカス・ラッシュフォードド獲得交渉を積極推進,transfers,2278,https://premier-blog.com/2026/06/23/%e3%83%ad%e3%83%99%e3%83%ab%e3%83%88%e3%83%bb%e3%83%87%e3%83%bb%e3%82%bc%e3%83%ab%e3%83%93%e7%9b%a3%e7%9d%a3%e3%80%81%e3%83%9e%e3%83%bc%e3%82%ab%e3%82%b9%e3%83%bb%e3%83%a9%e3%83%83%e3%82%b7%e3%83%a5/,2026-06-23T17:21:59,
17,マンチェスター・ユナイテッド、今夏も冷静な補強方針を堅持——ベラーダCEOが宣言,transfers,2286,https://premier-blog.com/2026/06/05/%e3%83%9e%e3%83%b3%e3%83%81%e3%82%a7%e3%82%b9%e3%82%bf%e3%83%bc%e3%83%bb%e3%83%a6%e3%83%8a%e3%82%a4%e3%83%86%e3%83%83%e3%83%89%e3%80%81%e4%bb%8a%e5%a4%8f%e3%82%82%e5%86%b7%e9%9d%99%e3%81%aa%e8%a3%9c/,2026-06-05T20:17:12,
1448,ハーツ、CLで総得点0-6の惨敗——スコットランド準優勝の悲劇が続く,europe,2289,https://premier-blog.com/2026/07/29/%e3%83%8f%e3%83%bc%e3%83%84%e3%80%81cl%e3%81%a7%e7%b7%8f%e5%be%97%e7%82%b90-6%e3%81%ae%e6%83%a8%e6%95%97-%e3%82%b9%e3%82%b3%e3%83%83%e3%83%88%e3%83%a9%e3%83%b3%e3%83%89%e6%ba%96/,2026-07-29T13:45:32,
153,エデルソン、ブラジル代表W杯緊急招集——ユナイテッド移籍£3500万、加入は7月以降に,united,2292,https://premier-blog.com/2026/06/08/%e3%82%a8%e3%83%87%e3%83%ab%e3%82%bd%e3%83%b3%e3%80%81%e3%83%96%e3%83%a9%e3%82%b8%e3%83%ab%e4%bb%a3%e8%a1%a8w%e6%9d%af%e7%b7%8a%e6%80%a5%e6%8b%9b%e9%9b%86-%e3%83%a6%e3%83%8a%e3%82%a4/,2026-06-08T09:52:48,
332,マテウス・フェルナンデス移籍争奪戦：マン・ユナイテッドが8000万ポンドで首位、レアル・マドリードも参戦,united,2297,https://premier-blog.com/2026/06/15/%e3%83%9e%e3%83%86%e3%82%a6%e3%82%b9%e3%83%bb%e3%83%95%e3%82%a7%e3%83%ab%e3%83%8a%e3%83%b3%e3%83%87%e3%82%b9%e7%a7%bb%e7%b1%8d%e4%ba%89%e5%a5%aa%e6%88%a6%ef%bc%9a%e3%83%9e%e3%83%b3%e3%83%bb%e3%83%a6/,2026-06-15T10:17:16,
2503,ノッティンガム・フォレスト vs トッテナム 戦術分析｜第3節、デ・ゼルビのスパーズが抱える得点力不足の真相,match-reviews,2309,https://premier-blog.com/2026/09/10/%e3%83%8e%e3%83%83%e3%83%86%e3%82%a3%e3%83%b3%e3%82%ac%e3%83%a0%e3%83%bb%e3%83%95%e3%82%a9%e3%83%ac%e3%82%b9%e3%83%88-vs-%e3%83%88%e3%83%83%e3%83%86%e3%83%8a%e3%83%a0-%e6%88%a6%e8%a1%93%e5%88%86/,2026-09-10T09:27:43,
992,アストン・ビラがマンザンビ移籍を横取り！ニューカッスルとの6000万ユーロ取引が崩壊,transfers,2314,https://premier-blog.com/2026/07/13/%e3%82%a2%e3%82%b9%e3%83%88%e3%83%b3%e3%83%bb%e3%83%93%e3%83%a9%e3%81%8c%e3%83%9e%e3%83%b3%e3%82%b6%e3%83%b3%e3%83%93%e7%a7%bb%e7%b1%8d%e3%82%92%e6%a8%aa%e5%8f%96%e3%82%8a%ef%bc%81%e3%83%8b%e3%83%a5/,2026-07-13T14:01:14,
1389,ティアゴ・ピタルチ、レアル・マドリード初練習で膝負傷——18歳MFに試練,europe,2319,https://premier-blog.com/2026/07/27/%e3%83%86%e3%82%a3%e3%82%a2%e3%82%b4%e3%83%bb%e3%83%94%e3%82%bf%e3%83%ab%e3%83%81%e3%80%81%e3%83%ac%e3%82%a2%e3%83%ab%e3%83%bb%e3%83%9e%e3%83%89%e3%83%aa%e3%83%bc%e3%83%89%e5%88%9d%e7%b7%b4%e7%bf%92/,2026-07-27T09:10:47,
1862,ユスフ・フォファナ、ユベントス移籍浮上——ACミランでアモリムに構想外、クリスタル・パレスとの争奪戦も,europe,2341,https://premier-blog.com/2026/08/15/%e3%83%a6%e3%82%b9%e3%83%95%e3%83%bb%e3%83%95%e3%82%a9%e3%83%95%e3%82%a1%e3%83%8a%e3%80%81%e3%83%a6%e3%83%99%e3%83%b3%e3%83%88%e3%82%b9%e7%a7%bb%e7%b1%8d%e6%b5%ae%e4%b8%8a-ac%e3%83%9f/,2026-08-15T11:31:44,
1839,ロドリ、マドリードからマンチェスターへ帰還中——バルセロナとの交渉が続くシティの岐路,europe,2346,https://premier-blog.com/2026/08/14/%e3%83%ad%e3%83%89%e3%83%aa%e3%80%81%e3%83%9e%e3%83%89%e3%83%aa%e3%83%bc%e3%83%89%e3%81%8b%e3%82%89%e3%83%9e%e3%83%b3%e3%83%81%e3%82%a7%e3%82%b9%e3%82%bf%e3%83%bc%e3%81%b8%e5%b8%b0%e9%82%84%e4%b8%ad/,2026-08-14T08:41:17,
2530,UEFAチャンピオンズリーグ初出場のコモが4得点、セスク・ファブレガス率いる旋風,europe,2355,https://premier-blog.com/2026/09/11/uefa%e3%83%81%e3%83%a3%e3%83%b3%e3%83%94%e3%82%aa%e3%83%b3%e3%82%ba%e3%83%aa%e3%83%bc%e3%82%b0%e5%88%9d%e5%87%ba%e5%a0%b4%e3%81%ae%e3%82%b3%e3%83%a2%e3%81%8c4%e5%be%97%e7%82%b9%e3%80%81%e3%82%bb/,2026-09-11T10:19:01,
286,ラッシュフォード、バルセロナへの完全移籍が破談へ — 2028年まで契約のユナイテッド復帰が現実に,united,2361,https://premier-blog.com/2026/06/11/%e3%83%a9%e3%83%83%e3%82%b7%e3%83%a5%e3%83%95%e3%82%a9%e3%83%bc%e3%83%89%e3%80%81%e3%83%90%e3%83%ab%e3%82%bb%e3%83%ad%e3%83%8a%e3%81%b8%e3%81%ae%e5%ae%8c%e5%85%a8%e7%a7%bb%e7%b1%8d%e3%81%8c%e7%a0%b4/,2026-06-11T10:10:54,
829,メッシ対ヴォジーニャ──2026年W杯を彩る「予想外の対決」の構図,europe,2373,https://premier-blog.com/2026/07/03/%e3%83%a1%e3%83%83%e3%82%b7%e5%af%be%e3%83%b4%e3%82%a9%e3%82%b8%e3%83%bc%e3%83%8b%e3%83%a3%e2%94%80%e2%94%802026%e5%b9%b4w%e6%9d%af%e3%82%92%e5%bd%a9%e3%82%8b%e3%80%8c%e4%ba%88%e6%83%b3%e5%a4%96/,2026-07-03T13:56:48,
763,ロベルト・レバンドフスキ、シカゴ・ファイアーと2年契約で移籍確定,transfers,2377,https://premier-blog.com/2026/06/30/%e3%83%ad%e3%83%99%e3%83%ab%e3%83%88%e3%83%bb%e3%83%ac%e3%83%90%e3%83%b3%e3%83%89%e3%83%95%e3%82%b9%e3%82%ad%e3%80%81%e3%82%b7%e3%82%ab%e3%82%b4%e3%83%bb%e3%83%95%e3%82%a1%e3%82%a4%e3%82%a2%e3%83%bc/,2026-06-30T08:58:05,
1056,スペイン2-0フランス：ムバッペ沈黙、ロドリ輝くW杯準決勝分析,transfers,2379,https://premier-blog.com/2026/07/15/%e3%82%b9%e3%83%9a%e3%82%a4%e3%83%b32-0%e3%83%95%e3%83%a9%e3%83%b3%e3%82%b9%ef%bc%9a%e3%83%a0%e3%83%90%e3%83%83%e3%83%9a%e6%b2%88%e9%bb%99%e3%80%81%e3%83%ad%e3%83%89%e3%83%aa%e8%bc%9d%e3%81%8fw/,2026-07-15T09:57:14,
310,ロドリ「身に覚えがない」──レアル・マドリード大統領候補リケルメの獲得宣言を否定,europe,2381,https://premier-blog.com/2026/06/12/%e3%83%ad%e3%83%89%e3%83%aa%e3%80%8c%e8%ba%ab%e3%81%ab%e8%a6%9a%e3%81%88%e3%81%8c%e3%81%aa%e3%81%84%e3%80%8d%e2%94%80%e2%94%80%e3%83%ac%e3%82%a2%e3%83%ab%e3%83%bb%e3%83%9e%e3%83%89%e3%83%aa%e3%83%bc/,2026-06-12T09:25:02,
303,マン・ユナイテッド、エリオット・アンダーソン争奪戦から撤退——マン・シティが最有力に,united,2388,https://premier-blog.com/2026/06/12/%e3%83%9e%e3%83%b3%e3%83%bb%e3%83%a6%e3%83%8a%e3%82%a4%e3%83%86%e3%83%83%e3%83%89%e3%80%81%e3%82%a8%e3%83%aa%e3%82%aa%e3%83%83%e3%83%88%e3%83%bb%e3%82%a2%e3%83%b3%e3%83%80%e3%83%bc%e3%82%bd%e3%83%b3/,2026-06-12T09:25:07,
118,マン・ユナイテッド、アタランタのエデルソンを3500万ポンドで獲得合意,transfers,2404,https://premier-blog.com/2026/06/07/%e3%83%9e%e3%83%b3%e3%83%bb%e3%83%a6%e3%83%8a%e3%82%a4%e3%83%86%e3%83%83%e3%83%89%e3%80%81%e3%82%a2%e3%82%bf%e3%83%a9%e3%83%b3%e3%82%bf%e3%81%ae%e3%82%a8%e3%83%87%e3%83%ab%e3%82%bd%e3%83%b3%e3%82%9235/,2026-06-07T07:10:58,
1962,マンチェスターダービー通算成績：ユナイテッドとシティ、174試合の覇者はどちら？,column,2408,https://premier-blog.com/2026/08/20/%e3%83%9e%e3%83%b3%e3%83%81%e3%82%a7%e3%82%b9%e3%82%bf%e3%83%bc%e3%83%bb%e3%83%a6%e3%83%8a%e3%82%a4%e3%83%86%e3%83%83%e3%83%89-vs-%e3%83%9e%e3%83%b3%e3%83%81%e3%82%a7%e3%82%b9%e3%82%bf%e3%83%bc/,2026-08-20T11:18:20,
1311,ニューカッスルがウェスト・ハムの16歳RBカイル・ヒーリーをアカデミー獲得,transfers,2420,https://premier-blog.com/2026/07/24/%e3%83%8b%e3%83%a5%e3%83%bc%e3%82%ab%e3%83%83%e3%82%b9%e3%83%ab%e3%81%8c%e3%82%a6%e3%82%a7%e3%82%b9%e3%83%88%e3%83%bb%e3%83%8f%e3%83%a0%e3%81%ae16%e6%ad%b3rb%e3%82%ab%e3%82%a4%e3%83%ab%e3%83%bb/,2026-07-24T10:15:19,
2651,コベントリー・シティ vs ブライトン＆ホーヴ・アルビオン 戦術分析｜第4節 シーガルズが示した&#8221;数的不利崩し&#8221;の方程式,match-reviews,2425,https://premier-blog.com/2026/09/16/%e3%82%b3%e3%83%99%e3%83%b3%e3%83%88%e3%83%aa%e3%83%bc%e3%83%bb%e3%82%b7%e3%83%86%e3%82%a3-vs-%e3%83%96%e3%83%a9%e3%82%a4%e3%83%88%e3%83%b3%ef%bc%86%e3%83%9b%e3%83%bc%e3%83%b4%e3%83%bb%e3%82%a2/,2026-09-16T10:13:01,
2535,ムジアラ復帰弾でバイエルンが躍動——CLホームでの爆発的攻撃を分析,europe,2430,https://premier-blog.com/2026/09/11/%e3%83%a0%e3%82%b8%e3%82%a2%e3%83%a9%e5%be%a9%e5%b8%b0%e5%bc%be%e3%81%a7%e3%83%90%e3%82%a4%e3%82%a8%e3%83%ab%e3%83%b3%e3%81%8c%e8%ba%8d%e5%8b%95-cl%e3%83%9b%e3%83%bc%e3%83%a0%e3%81%a7/,2026-09-11T10:18:59,
2391,イプスウィッチ vs リバプール 戦術分析｜第3節 開幕3試合目で決着——イサクの電光石火ブレースが指揮官に初白星をもたらす,match-reviews,2440,https://premier-blog.com/2026/09/05/%e3%82%a4%e3%83%97%e3%82%b9%e3%82%a6%e3%82%a3%e3%83%83%e3%83%81-vs-%e3%83%aa%e3%83%90%e3%83%97%e3%83%bc%e3%83%ab-%e6%88%a6%e8%a1%93%e5%88%86%e6%9e%90%ef%bd%9c%e7%ac%ac3%e7%af%80-%e9%96%8b%e5%b9%953/,2026-09-05T09:09:08,
1216,スペイン対アルゼンチン2026W杯決勝——バルセロナ「フォルム」に数千人が熱狂、エンツォ退場の激闘,europe,2444,https://premier-blog.com/2026/07/20/%e3%82%b9%e3%83%9a%e3%82%a4%e3%83%b3%e5%af%be%e3%82%a2%e3%83%ab%e3%82%bc%e3%83%b3%e3%83%81%e3%83%b32026w%e6%9d%af%e6%b1%ba%e5%8b%9d-%e3%83%90%e3%83%ab%e3%82%bb%e3%83%ad%e3%83%8a/,2026-07-20T19:48:30,
2577,サンダーランド vs アーセナル 戦術分析｜第4節 ダビド・ラヤの奇跡セーブが分けた運命——ブルーノ・ギマランイス電撃弾の舞台裏,match-reviews,2444,https://premier-blog.com/2026/09/13/%e3%82%b5%e3%83%b3%e3%83%80%e3%83%bc%e3%83%a9%e3%83%b3%e3%83%89-vs-%e3%82%a2%e3%83%bc%e3%82%bb%e3%83%8a%e3%83%ab-%e6%88%a6%e8%a1%93%e5%88%86%e6%9e%90%ef%bd%9c%e7%ac%ac4%e7%af%80-%e3%83%80%e3%83%93/,2026-09-13T10:03:35,
1244,カルドーソ・バレラ（17歳）、バルセロナを逃してポルトへ正式加入,column,2448,https://premier-blog.com/2026/07/22/%e3%82%ab%e3%83%ab%e3%83%89%e3%83%bc%e3%82%bd%e3%83%bb%e3%83%90%e3%83%ac%e3%83%a9%ef%bc%8817%e6%ad%b3%ef%bc%89%e3%80%81%e3%83%90%e3%83%ab%e3%82%bb%e3%83%ad%e3%83%8a%e3%82%92%e9%80%83%e3%81%97%e3%81%a6/,2026-07-22T00:51:11,
1834,ストラスブール、シュトゥルム・グラーツのジェイランド・ミッチェルに初オファー提示,transfers,2462,https://premier-blog.com/2026/08/14/%e3%82%b9%e3%83%88%e3%83%a9%e3%82%b9%e3%83%96%e3%83%bc%e3%83%ab%e3%80%81%e3%82%b7%e3%83%a5%e3%83%88%e3%82%a5%e3%83%ab%e3%83%a0%e3%83%bb%e3%82%b0%e3%83%a9%e3%83%bc%e3%83%84%e3%81%ae%e3%82%b8%e3%82%a7/,2026-08-14T08:41:20,
1061,サンダーランド、トーマス・ムニエをフリートランスファーで獲得へ,transfers,2463,https://premier-blog.com/2026/07/15/%e3%82%b5%e3%83%b3%e3%83%80%e3%83%bc%e3%83%a9%e3%83%b3%e3%83%89%e3%80%81%e3%83%88%e3%83%bc%e3%83%9e%e3%82%b9%e3%83%bb%e3%83%a0%e3%83%8b%e3%82%a8%e3%82%92%e3%83%95%e3%83%aa%e3%83%bc%e3%83%88%e3%83%a9/,2026-07-15T09:57:12,
891,ブラジル対ノルウェー、ワールドカップ決勝トーナメント——欧州勢という「呪い」に挑む一戦,europe,2479,https://premier-blog.com/2026/07/06/%e3%83%96%e3%83%a9%e3%82%b8%e3%83%ab%e5%af%be%e3%83%8e%e3%83%ab%e3%82%a6%e3%82%a7%e3%83%bc%e3%80%81%e3%83%af%e3%83%bc%e3%83%ab%e3%83%89%e3%82%ab%e3%83%83%e3%83%97%e6%b1%ba%e5%8b%9d%e3%83%88%e3%83%bc/,2026-07-06T10:30:51,
1256,ボーンマスがアレックス・スコットへの6000万ポンド入札を拒否——マン・ユナイテッドとトッテナムが争奪戦,transfers,2482,https://premier-blog.com/2026/07/23/%e3%83%9c%e3%83%bc%e3%83%b3%e3%83%9e%e3%82%b9%e3%81%8c%e3%82%a2%e3%83%ac%e3%83%83%e3%82%af%e3%82%b9%e3%83%bb%e3%82%b9%e3%82%b3%e3%83%83%e3%83%88%e3%81%b8%e3%81%ae6000%e4%b8%87%e3%83%9d%e3%83%b3/,2026-07-23T07:37:40,
1889,バルセロナ19歳MFトミー・マルケス、SCブラガへ完全移籍決定,europe,2488,https://premier-blog.com/2026/08/17/%e3%83%90%e3%83%ab%e3%82%bb%e3%83%ad%e3%83%8a19%e6%ad%b3mf%e3%83%88%e3%83%9f%e3%83%bc%e3%83%bb%e3%83%9e%e3%83%ab%e3%82%b1%e3%82%b9%e3%80%81sc%e3%83%96%e3%83%a9%e3%82%ac%e3%81%b8%e5%ae%8c%e5%85%a8/,2026-08-17T12:07:45,
1120,富安健洋、フリーエージェントとしてヴェネツィアが長期契約をオファー,transfers,2489,https://premier-blog.com/2026/07/17/%e5%af%8c%e5%ae%89%e5%81%a5%e6%b4%8b%e3%80%81%e3%83%95%e3%83%aa%e3%83%bc%e3%82%a8%e3%83%bc%e3%82%b8%e3%82%a7%e3%83%b3%e3%83%88%e3%81%a8%e3%81%97%e3%81%a6%e3%83%b4%e3%82%a7%e3%83%8d%e3%83%84%e3%82%a3/,2026-07-17T10:38:11,
1394,ガラタサライが公式否定：ムジアラのローン移籍報道は「事実無根」,transfers,2492,https://premier-blog.com/2026/07/27/%e3%82%ac%e3%83%a9%e3%82%bf%e3%82%b5%e3%83%a9%e3%82%a4%e3%81%8c%e5%85%ac%e5%bc%8f%e5%90%a6%e5%ae%9a%ef%bc%9a%e3%83%a0%e3%82%b8%e3%82%a2%e3%83%a9%e3%81%ae%e3%83%ad%e3%83%bc%e3%83%b3%e7%a7%bb%e7%b1%8d/,2026-07-27T12:26:44,
1911,ハビ・ロペス、レアル・ソシエダからフェイエノールトへ公式移籍が決定,column,2495,https://premier-blog.com/2026/08/18/%e3%83%8f%e3%83%93%e3%83%bb%e3%83%ad%e3%83%9a%e3%82%b9%e3%80%81%e3%83%ac%e3%82%a2%e3%83%ab%e3%83%bb%e3%82%bd%e3%82%b7%e3%82%a8%e3%83%80%e3%81%8b%e3%82%89%e3%83%95%e3%82%a7%e3%82%a4%e3%82%a8%e3%83%8e/,2026-08-18T09:23:15,
1002,マンザンビ獲得争い：アストン・ビラがニューカッスルを抑え60億円超の移籍交渉で優位,transfers,2508,https://premier-blog.com/2026/07/13/%e3%83%9e%e3%83%b3%e3%82%b6%e3%83%b3%e3%83%93%e7%8d%b2%e5%be%97%e4%ba%89%e3%81%84%ef%bc%9a%e3%82%a2%e3%82%b9%e3%83%88%e3%83%b3%e3%83%bb%e3%83%93%e3%83%a9%e3%81%8c%e3%83%8b%e3%83%a5%e3%83%bc%e3%82%ab/,2026-07-13T14:01:09,
1819,ブライトン、バレバの売却希望額を4000万ポンド引き下げ――マンUとトッテナムが争奪戦,transfers,2509,https://premier-blog.com/2026/08/14/%e3%83%96%e3%83%a9%e3%82%a4%e3%83%88%e3%83%b3%e3%80%81%e3%83%90%e3%83%ac%e3%83%90%e3%81%ae%e5%a3%b2%e5%8d%b4%e5%b8%8c%e6%9c%9b%e9%a1%8d%e3%82%924000%e4%b8%87%e3%83%9d%e3%83%b3%e3%83%89%e5%bc%95/,2026-08-14T08:41:28,
1954,インテル18歳CBレオナルド・ボーヴィオ、今週中に新契約締結へ,transfers,2510,https://premier-blog.com/2026/08/20/%e3%82%a4%e3%83%b3%e3%83%86%e3%83%ab18%e6%ad%b3cb%e3%83%ac%e3%82%aa%e3%83%8a%e3%83%ab%e3%83%89%e3%83%bb%e3%83%9c%e3%83%bc%e3%83%b4%e3%82%a3%e3%82%aa%e3%80%81%e4%bb%8a%e9%80%b1%e4%b8%ad%e3%81%ab/,2026-08-20T11:18:27,
668,メッシ、W杯6大会連続出場でアルゼンチン代表として歴史に刻む,column,2518,https://premier-blog.com/2026/06/25/%e3%83%a1%e3%83%83%e3%82%b7%e3%80%81w%e6%9d%af6%e5%a4%a7%e4%bc%9a%e9%80%a3%e7%b6%9a%e5%87%ba%e5%a0%b4%e3%81%a7%e3%82%a2%e3%83%ab%e3%82%bc%e3%83%b3%e3%83%81%e3%83%b3%e4%bb%a3%e8%a1%a8%e3%81%a8%e3%81%97/,2026-06-25T09:02:25,
268,キャリック新監督、マンUの夏の補強計画：エデルソン合意間近、ラッシュフォード復帰の可能性も,united,2535,https://premier-blog.com/2026/06/11/%e3%82%ad%e3%83%a3%e3%83%aa%e3%83%83%e3%82%af%e6%96%b0%e7%9b%a3%e7%9d%a3%e3%80%81%e3%83%9e%e3%83%b3u%e3%81%ae%e5%a4%8f%e3%81%ae%e8%a3%9c%e5%bc%b7%e8%a8%88%e7%94%bb%ef%bc%9a%e3%82%a8%e3%83%87%e3%83%ab/,2026-06-11T10:11:04,
2032,昇格組コベントリー、プレミア初陣で突きつけられた現実——アルテタ体制の強度とは,match-reviews,2535,https://premier-blog.com/2026/08/22/%e3%82%a2%e3%83%bc%e3%82%bb%e3%83%8a%e3%83%ab-vs-%e3%82%b3%e3%83%99%e3%83%b3%e3%83%88%e3%83%aa%e3%83%bc%e3%83%bb%e3%82%b7%e3%83%86%e3%82%a3-%e6%88%a6%e8%a1%93%e5%88%86%e6%9e%90%ef%bd%9c%e3%82%a8/,2026-08-22T10:50:51,
2444,エバートン vs マンチェスター・ユナイテッド 戦術分析｜第3節 アディショナルタイムの悪夢、勝ち点2を失った衝撃,match-reviews,2540,https://premier-blog.com/2026/09/07/%e3%82%a8%e3%83%90%e3%83%bc%e3%83%88%e3%83%b3-vs-%e3%83%9e%e3%83%b3%e3%83%81%e3%82%a7%e3%82%b9%e3%82%bf%e3%83%bc%e3%83%bb%e3%83%a6%e3%83%8a%e3%82%a4%e3%83%86%e3%83%83%e3%83%89-%e6%88%a6%e8%a1%93/,2026-09-07T09:01:11,
1686,マロ・グスト移籍最新情報：チェルシーが7500万ポンドを要求、マン・シティが関心継続,column,2548,https://premier-blog.com/2026/08/07/%e3%83%9e%e3%83%ad%e3%83%bb%e3%82%b0%e3%82%b9%e3%83%88%e7%a7%bb%e7%b1%8d%e6%9c%80%e6%96%b0%e6%83%85%e5%a0%b1%ef%bc%9a%e3%83%81%e3%82%a7%e3%83%ab%e3%82%b7%e3%83%bc%e3%81%8c7500%e4%b8%87%e3%83%9d/,2026-08-07T10:21:57,
1211,ニューカッスル、ベルグバル獲得へ4600万ポンドのオファー提示——スパーズは難色か,transfers,2557,https://premier-blog.com/2026/07/20/%e3%83%8b%e3%83%a5%e3%83%bc%e3%82%ab%e3%83%83%e3%82%b9%e3%83%ab%e3%80%81%e3%83%99%e3%83%ab%e3%82%b0%e3%83%90%e3%83%ab%e7%8d%b2%e5%be%97%e3%81%b84600%e4%b8%87%e3%83%9d%e3%83%b3%e3%83%89%e3%81%ae/,2026-07-20T19:48:33,
1239,コンラート・ライマー、バイエルン・ミュンヘンと2029年6月まで新契約締結,europe,2559,https://premier-blog.com/2026/07/22/%e3%82%b3%e3%83%b3%e3%83%a9%e3%83%bc%e3%83%88%e3%83%bb%e3%83%a9%e3%82%a4%e3%83%9e%e3%83%bc%e3%80%81%e3%83%90%e3%82%a4%e3%82%a8%e3%83%ab%e3%83%b3%e3%83%bb%e3%83%9f%e3%83%a5%e3%83%b3%e3%83%98%e3%83%b3/,2026-07-22T00:51:12,
1183,ASローマ、サマーヴィル獲得に向け€4000万入札もウェストハムが拒否,transfers,2565,https://premier-blog.com/2026/07/20/as%e3%83%ad%e3%83%bc%e3%83%9e%e3%80%81%e3%82%b5%e3%83%9e%e3%83%bc%e3%83%b4%e3%82%a3%e3%83%ab%e7%8d%b2%e5%be%97%e3%81%ab%e5%90%91%e3%81%91e4000%e4%b8%87%e5%85%a5%e6%9c%ad%e3%82%82%e3%82%a6%e3%82%a7/,2026-07-20T19:48:45,
1580,ディオン・ロピー、アル・イティハドへ移籍合意―固定1300万＋条件付き600万ユーロ,transfers,2565,https://premier-blog.com/2026/08/04/%e3%83%87%e3%82%a3%e3%82%aa%e3%83%b3%e3%83%bb%e3%83%ad%e3%83%94%e3%83%bc%e3%80%81%e3%82%a2%e3%83%ab%e3%83%bb%e3%82%a4%e3%83%86%e3%82%a3%e3%83%8f%e3%83%89%e3%81%b8%e7%a7%bb%e7%b1%8d%e5%90%88%e6%84%8f/,2026-08-04T13:12:21,
1805,ニッキー・バット「セスコは限界あり」、ガラタサライのオシメン£6500万移籍を推奨,united,2572,https://premier-blog.com/2026/08/13/%e3%83%8b%e3%83%83%e3%82%ad%e3%83%bc%e3%83%bb%e3%83%90%e3%83%83%e3%83%88%e3%80%8c%e3%82%bb%e3%82%b9%e3%82%b3%e3%81%af%e9%99%90%e7%95%8c%e3%81%82%e3%82%8a%e3%80%8d%e3%80%81%e3%82%ac%e3%83%a9%e3%82%bf/,2026-08-13T09:20:12,
723,マヌエル・ウガルテ、W杯中に膝靭帯負傷——マン・ユナイテッドに深刻な打撃,united,2579,https://premier-blog.com/2026/06/29/%e3%83%9e%e3%83%8c%e3%82%a8%e3%83%ab%e3%83%bb%e3%82%a6%e3%82%ac%e3%83%ab%e3%83%86%e3%80%81w%e6%9d%af%e4%b8%ad%e3%81%ab%e8%86%9d%e9%9d%ad%e5%b8%af%e8%b2%a0%e5%82%b7-%e3%83%9e%e3%83%b3/,2026-06-29T09:47:08,
776,トッテナム、マテウス・フェルナンデスを8500万ポンドのクラブ記録移籍金で獲得へ——マンUとの争奪戦を制す,united,2579,https://premier-blog.com/2026/07/01/%e3%83%88%e3%83%83%e3%83%86%e3%83%8a%e3%83%a0%e3%80%81%e3%83%9e%e3%83%86%e3%82%a6%e3%82%b9%e3%83%bb%e3%83%95%e3%82%a7%e3%83%ab%e3%83%8a%e3%83%b3%e3%83%87%e3%82%b9%e3%82%928500%e4%b8%87%e3%83%9d/,2026-07-01T09:43:05,
1009,PSGがナイキと年間8000万ユーロの歴史的契約更新へ――2037年まで延長合意,europe,2581,https://premier-blog.com/2026/07/13/psg%e3%81%8c%e3%83%8a%e3%82%a4%e3%82%ad%e3%81%a8%e5%b9%b4%e9%96%938000%e4%b8%87%e3%83%a6%e3%83%bc%e3%83%ad%e3%81%ae%e6%ad%b4%e5%8f%b2%e7%9a%84%e5%a5%91%e7%b4%84%e6%9b%b4%e6%96%b0%e3%81%b8%e2%80%95/,2026-07-13T14:01:04,
2415,バイエルン・ミュンヘン、シャルケに衝撃のホーム無得点――18カ月ぶりの屈辱的スコアレスドロー,europe,2581,https://premier-blog.com/2026/09/06/%e3%83%90%e3%82%a4%e3%82%a8%e3%83%ab%e3%83%b3%e3%83%bb%e3%83%9f%e3%83%a5%e3%83%b3%e3%83%98%e3%83%b3%e3%80%81%e3%82%b7%e3%83%a3%e3%83%ab%e3%82%b1%e3%81%ab%e8%a1%9d%e6%92%83%e3%81%ae%e3%83%9b%e3%83%bc/,2026-09-06T09:03:46,
1338,レアル・マドリード、ヤン・ディオマンデ獲得へ1億ユーロのオファー提示,europe,2582,https://premier-blog.com/2026/07/25/%e3%83%ac%e3%82%a2%e3%83%ab%e3%83%bb%e3%83%9e%e3%83%89%e3%83%aa%e3%83%bc%e3%83%89%e3%80%81%e3%83%a4%e3%83%b3%e3%83%bb%e3%83%87%e3%82%a3%e3%82%aa%e3%83%9e%e3%83%b3%e3%83%87%e7%8d%b2%e5%be%97%e3%81%b81/,2026-07-25T12:03:28,
2455,ユナイテッドがドルトムント MF ネマチャ獲得に関心、シティ・ニューカッスルも争奪戦か,united,2585,https://premier-blog.com/2026/09/08/%e3%83%a6%e3%83%8a%e3%82%a4%e3%83%86%e3%83%83%e3%83%89%e3%81%8c%e3%83%89%e3%83%ab%e3%83%88%e3%83%a0%e3%83%b3%e3%83%88-mf-%e3%83%8d%e3%83%9e%e3%83%81%e3%83%a3%e7%8d%b2%e5%be%97%e3%81%ab%e9%96%a2/,2026-09-08T11:03:20,
896,ニクラス・ズーレ、30歳でプロを引退しドイツ9部リーグのSVティーフェンバッハへ移籍,europe,2591,https://premier-blog.com/2026/07/06/%e3%83%8b%e3%82%af%e3%83%a9%e3%82%b9%e3%83%bb%e3%82%ba%e3%83%bc%e3%83%ac%e3%80%8130%e6%ad%b3%e3%81%a7%e3%83%97%e3%83%ad%e3%82%92%e5%bc%95%e9%80%80%e3%81%97%e3%83%89%e3%82%a4%e3%83%849%e9%83%a8/,2026-07-06T10:30:48,
1613,モハメド・モハメド・サラー、トラブゾンスポル移籍合意——リバプール黄金時代に幕,transfers,2591,https://premier-blog.com/2026/08/05/%e3%83%a2%e3%83%8f%e3%83%a1%e3%83%89%e3%83%bb%e3%83%a2%e3%83%8f%e3%83%a1%e3%83%89%e3%83%bb%e3%82%b5%e3%83%a9%e3%83%bc%e3%80%81%e3%83%88%e3%83%a9%e3%83%96%e3%82%be%e3%83%b3%e3%82%b9%e3%83%9d%e3%83%ab/,2026-08-05T09:49:30,
1109,ダーモット・ミー、マン・ユナイテッドのトップチームへ昇格——背番号45をまとうGKの軌跡,united,2600,https://premier-blog.com/2026/07/16/%e3%83%80%e3%83%bc%e3%83%a2%e3%83%83%e3%83%88%e3%83%bb%e3%83%9f%e3%83%bc%e3%80%81%e3%83%9e%e3%83%b3%e3%83%bb%e3%83%a6%e3%83%8a%e3%82%a4%e3%83%86%e3%83%83%e3%83%89%e3%81%ae%e3%83%88%e3%83%83%e3%83%97/,2026-07-16T13:19:53,
2044,カーティス・ジョーンズ、インテル・ミラノへ移籍濃厚——リバプールの放出劇が止まらない,transfers,2603,https://premier-blog.com/2026/08/23/%e3%82%ab%e3%83%bc%e3%83%86%e3%82%a3%e3%82%b9%e3%83%bb%e3%82%b8%e3%83%a7%e3%83%bc%e3%83%b3%e3%82%ba%e3%80%81%e3%82%a4%e3%83%b3%e3%83%86%e3%83%ab%e3%83%bb%e3%83%9f%e3%83%a9%e3%83%8e%e3%81%b8%e7%a7%bb/,2026-08-23T09:15:18,
1452,アストン・ビラ対レアル・ソシエダ、途中出場組を採点——躍動したザハリャンの評価は,column,2606,https://premier-blog.com/2026/07/29/%e3%83%ac%e3%82%a2%e3%83%ab%e3%83%bb%e3%82%bd%e3%82%b7%e3%82%a8%e3%83%80%e5%af%be%e3%82%a2%e3%82%b9%e3%83%88%e3%83%b3%e3%83%bb%e3%83%93%e3%83%a9%ef%bc%9a%e3%82%b6%e3%83%8f%e3%83%aa%e3%83%a3%e3%83%b3/,2026-07-29T13:45:30,
1466,インテルからモンツァへ：アキンサンミロが750万ユーロで完全移籍合意,transfers,2615,https://premier-blog.com/2026/07/30/%e3%82%a4%e3%83%b3%e3%83%86%e3%83%ab%e3%81%8b%e3%82%89%e3%83%a2%e3%83%b3%e3%83%84%e3%82%a1%e3%81%b8%ef%bc%9a%e3%82%a2%e3%82%ad%e3%83%b3%e3%82%b5%e3%83%b3%e3%83%9f%e3%83%ad%e3%81%8c750%e4%b8%87/,2026-07-30T08:21:34,
1297,バルセロナ、マルク・カサドの売却希望額を設定――マンU含む欧州クラブが争奪戦へ,europe,2621,https://premier-blog.com/2026/07/24/%e3%83%90%e3%83%ab%e3%82%bb%e3%83%ad%e3%83%8a%e3%80%81%e3%83%9e%e3%83%ab%e3%82%af%e3%83%bb%e3%82%ab%e3%82%b5%e3%83%89%e3%81%ae%e5%a3%b2%e5%8d%b4%e5%b8%8c%e6%9c%9b%e9%a1%8d%e3%82%92%e8%a8%ad%e5%ae%9a/,2026-07-24T10:15:27,
1301,エリオット・アンダーソン、1億1600万ポンドでシティ移籍「マンチェスターの王者はシティだ」,united,2632,https://premier-blog.com/2026/07/24/%e3%82%a8%e3%83%aa%e3%82%aa%e3%83%83%e3%83%88%e3%83%bb%e3%82%a2%e3%83%b3%e3%83%80%e3%83%bc%e3%82%bd%e3%83%b3%e3%80%811%e5%84%841600%e4%b8%87%e3%83%9d%e3%83%b3%e3%83%89%e3%81%a7%e3%82%b7%e3%83%86/,2026-07-24T10:15:24,
1284,レバンテの20歳ストライカー、カルロス・エスピにラツィオとボローニャが興味,column,2644,https://premier-blog.com/2026/07/23/%e3%83%ac%e3%83%90%e3%83%b3%e3%83%86%e3%81%ae20%e6%ad%b3%e3%82%b9%e3%83%88%e3%83%a9%e3%82%a4%e3%82%ab%e3%83%bc%e3%80%81%e3%82%ab%e3%83%ab%e3%83%ad%e3%82%b9%e3%83%bb%e3%82%a8%e3%82%b9%e3%83%94%e3%81%ab/,2026-07-23T17:32:07,
758,モウリーニョ就任後初の放出確定——ククレジャ、£51.8Mでレアル・マドリードへ,europe,2660,https://premier-blog.com/2026/06/30/%e3%83%a2%e3%82%a6%e3%83%aa%e3%83%bc%e3%83%8b%e3%83%a7%e5%b0%b1%e4%bb%bb%e5%be%8c%e5%88%9d%e3%81%ae%e6%94%be%e5%87%ba%e7%a2%ba%e5%ae%9a-%e3%82%af%e3%82%af%e3%83%ac%e3%82%b8%e3%83%a3/,2026-06-30T09:22:31,
2077,プレミアリーグ歴代クリーンシート記録、頂点に君臨するのは意外なあのクラブ？,column,2666,https://premier-blog.com/2026/08/25/%e3%83%97%e3%83%ac%e3%83%9f%e3%82%a2%e3%83%aa%e3%83%bc%e3%82%b0%e6%ad%b4%e4%bb%a3%e3%82%af%e3%83%aa%e3%83%bc%e3%83%b3%e3%82%b7%e3%83%bc%e3%83%88%e8%a8%98%e9%8c%b2%e3%80%81%e9%a0%82%e7%82%b9%e3%81%ab/,2026-08-25T09:02:33,
1234,マラン・サール、サウジ・プロリーグのNEOM SCへフリー移籍合意,transfers,2672,https://premier-blog.com/2026/07/22/%e3%83%9e%e3%83%a9%e3%83%b3%e3%83%bb%e3%82%b5%e3%83%bc%e3%83%ab%e3%80%81%e3%82%b5%e3%82%a6%e3%82%b8%e3%83%bb%e3%83%97%e3%83%ad%e3%83%aa%e3%83%bc%e3%82%b0%e3%81%aeneom-sc%e3%81%b8%e3%83%95%e3%83%aa/,2026-07-22T00:51:15,
1556,ラッテ・ラス、アトランタ・ユナイテッドからユニオン・ベルリンへ期限付き移籍,europe,2674,https://premier-blog.com/2026/08/03/%e3%83%a9%e3%83%83%e3%83%86%e3%83%bb%e3%83%a9%e3%82%b9%e3%80%81%e3%82%a2%e3%83%88%e3%83%a9%e3%83%b3%e3%82%bf%e3%83%bb%e3%83%a6%e3%83%8a%e3%82%a4%e3%83%86%e3%83%83%e3%83%89%e3%81%8b%e3%82%89%e3%83%a6/,2026-08-03T09:49:39,
744,ボーンマスがアレックス・スコット獲得照会を拒否――マン・ユナイテッドとトッテナムが争奪戦,transfers,2675,https://premier-blog.com/2026/06/30/%e3%83%9c%e3%83%bc%e3%83%b3%e3%83%9e%e3%82%b9%e3%81%8c%e3%82%a2%e3%83%ac%e3%83%83%e3%82%af%e3%82%b9%e3%83%bb%e3%82%b9%e3%82%b3%e3%83%83%e3%83%88%e7%8d%b2%e5%be%97%e7%85%a7%e4%bc%9a%e3%82%92%e6%8b%92/,2026-06-30T08:58:14,
701,エリオット・アンダーソン、マンチェスター・シティへ£1億1600万で移籍へ——ニューヨークで健康診断,transfers,2678,https://premier-blog.com/2026/06/27/%e3%82%a8%e3%83%aa%e3%82%aa%e3%83%83%e3%83%88%e3%83%bb%e3%82%a2%e3%83%b3%e3%83%80%e3%83%bc%e3%82%bd%e3%83%b3%e3%80%81%e3%83%9e%e3%83%b3%e3%83%81%e3%82%a7%e3%82%b9%e3%82%bf%e3%83%bc%e3%83%bb%e3%82%b7-2/,2026-06-27T14:59:47,
2047,Hull City vs Manchester United 戦術分析｜開幕節・昇格組が誇りを見せた衝撃の一戦,match-reviews,2679,https://premier-blog.com/2026/08/23/hull-city-vs-manchester-united-%e6%88%a6%e8%a1%93%e5%88%86%e6%9e%90%ef%bd%9c%e9%96%8b%e5%b9%95%e7%af%80%e3%83%bb%e6%98%87%e6%a0%bc%e7%b5%84%e3%81%8c%e8%aa%87%e3%82%8a%e3%82%92%e8%a6%8b%e3%81%9b/,2026-08-23T09:15:42,
2066,チェルシー、ペップ・チャバリア獲得合意　ラジョ・バジェカーノから€2100万で移籍決定,transfers,2679,https://premier-blog.com/2026/08/24/%e3%83%81%e3%82%a7%e3%83%ab%e3%82%b7%e3%83%bc%e3%80%81%e3%83%9a%e3%83%83%e3%83%97%e3%83%bb%e3%83%81%e3%83%a3%e3%83%90%e3%83%aa%e3%82%a2%e7%8d%b2%e5%be%97%e5%90%88%e6%84%8f%e3%80%80%e3%83%a9%e3%82%b8/,2026-08-24T09:03:37,
2643,マンチェスター・ユナイテッド、ブランスウェイト獲得に向けエバートンと接触か,united,2682,https://premier-blog.com/2026/09/16/%e3%83%9e%e3%83%b3%e3%83%81%e3%82%a7%e3%82%b9%e3%82%bf%e3%83%bc%e3%83%bb%e3%83%a6%e3%83%8a%e3%82%a4%e3%83%86%e3%83%83%e3%83%89%e3%80%81%e3%83%96%e3%83%a9%e3%83%b3%e3%82%b9%e3%82%a6%e3%82%a7%e3%82%a4/,2026-09-16T10:13:05,
1763,ASローマ、ロドリゴ・モラに2500万ユーロの正式オファー提示―ポルトは強硬姿勢,transfers,2689,https://premier-blog.com/2026/08/10/as%e3%83%ad%e3%83%bc%e3%83%9e%e3%80%81%e3%83%ad%e3%83%89%e3%83%aa%e3%82%b4%e3%83%bb%e3%83%a2%e3%83%a9%e3%81%ab2500%e4%b8%87%e3%83%a6%e3%83%bc%e3%83%ad%e3%81%ae%e6%ad%a3%e5%bc%8f%e3%82%aa%e3%83%95/,2026-08-10T08:52:52,
784,ハリー・ケイン、バルセロナの打診を退けバイエルン新契約へ,europe,2693,https://premier-blog.com/2026/07/01/%e3%83%8f%e3%83%aa%e3%83%bc%e3%83%bb%e3%82%b1%e3%82%a4%e3%83%b3%e3%80%81%e3%83%90%e3%83%ab%e3%82%bb%e3%83%ad%e3%83%8a%e3%81%ae%e6%89%93%e8%a8%ba%e3%82%92%e9%80%80%e3%81%91%e3%83%90%e3%82%a4%e3%82%a8/,2026-07-01T09:43:01,
2011,マンチェスター・ユナイテッド、ブライトンのバレバ獲得交渉が急進展――7000万ポンド合意報道,united,2693,https://premier-blog.com/2026/08/22/%e3%83%9e%e3%83%b3%e3%83%81%e3%82%a7%e3%82%b9%e3%82%bf%e3%83%bc%e3%83%bb%e3%83%a6%e3%83%8a%e3%82%a4%e3%83%86%e3%83%83%e3%83%89%e3%80%81%e3%83%96%e3%83%a9%e3%82%a4%e3%83%88%e3%83%b3%e3%81%ae%e3%83%90/,2026-08-22T10:51:09,
1697,チェルシー、ペップ・チャバリアを1900万ユーロで電撃獲得合意,transfers,2702,https://premier-blog.com/2026/08/08/%e3%83%81%e3%82%a7%e3%83%ab%e3%82%b7%e3%83%bc%e3%80%81%e3%83%9a%e3%83%83%e3%83%97%e3%83%bb%e3%83%81%e3%83%a3%e3%83%90%e3%83%aa%e3%82%a2%e3%82%921900%e4%b8%87%e3%83%a6%e3%83%bc%e3%83%ad%e3%81%a7/,2026-08-08T09:43:22,
696,エリオット・アンダーソン移籍金£1億1600万で合意か — マン・シティ、アドオンなしの固定額を主張,transfers,2703,https://premier-blog.com/2026/06/26/%e3%82%a8%e3%83%aa%e3%82%aa%e3%83%83%e3%83%88%e3%83%bb%e3%82%a2%e3%83%b3%e3%83%80%e3%83%bc%e3%82%bd%e3%83%b3%e7%a7%bb%e7%b1%8d%e9%87%911%e5%84%841600%e4%b8%87%e3%81%a7%e5%90%88%e6%84%8f%e3%81%8b/,2026-06-26T09:02:15,
1249,ユナイテッドがザイル＝エメリに€60M入札検討、ティーレマンス加入後もMF補強継続,united,2704,https://premier-blog.com/2026/07/23/%e3%83%a6%e3%83%8a%e3%82%a4%e3%83%86%e3%83%83%e3%83%89%e3%81%8c%e3%82%b6%e3%82%a4%e3%83%ab%ef%bc%9d%e3%82%a8%e3%83%a1%e3%83%aa%e3%81%abe60m%e5%85%a5%e6%9c%ad%e6%a4%9c%e8%a8%8e%e3%80%81%e3%83%86/,2026-07-23T07:37:46,
1989,アーセン・ライト、マイルズ・ルイス＝スケリーのマンUまたはチェルシー移籍に懸念を表明,united,2714,https://premier-blog.com/2026/08/21/%e3%82%a2%e3%83%bc%e3%82%bb%e3%83%b3%e3%83%bb%e3%83%a9%e3%82%a4%e3%83%88%e3%80%81%e3%83%9e%e3%82%a4%e3%83%ab%e3%82%ba%e3%83%bb%e3%83%ab%e3%82%a4%e3%82%b9%ef%bc%9d%e3%82%b9%e3%82%b1%e3%83%aa%e3%83%bc/,2026-08-21T09:39:59,
1399,メンフィス・デパイ、コリンチャンスと新契約合意——32歳がブラジル残留を決断,transfers,2719,https://premier-blog.com/2026/07/27/%e3%83%a1%e3%83%b3%e3%83%95%e3%82%a3%e3%82%b9%e3%83%bb%e3%83%87%e3%83%91%e3%82%a4%e3%80%81%e3%82%b3%e3%83%aa%e3%83%b3%e3%83%81%e3%83%a3%e3%83%b3%e3%82%b9%e3%81%a8%e6%96%b0%e5%a5%91%e7%b4%84%e5%90%88/,2026-07-27T12:26:41,
1316,ムハンメド・ダマル、ヴォルフスブルクへ550万ユーロで移籍加入,europe,2722,https://premier-blog.com/2026/07/24/%e3%83%a0%e3%83%8f%e3%83%b3%e3%83%a1%e3%83%89%e3%83%bb%e3%83%80%e3%83%9e%e3%83%ab%e3%80%81%e3%83%b4%e3%82%a9%e3%83%ab%e3%83%95%e3%82%b9%e3%83%96%e3%83%ab%e3%82%af%e3%81%b8550%e4%b8%87%e3%83%a6/,2026-07-24T10:15:18,
1349,マヌ・コネ移籍交渉に期限設定――マンチェスター・ユナイテッド、5100万ポンドで決断迫られる,united,2726,https://premier-blog.com/2026/07/26/%e3%83%9e%e3%83%8c%e3%83%bb%e3%82%b3%e3%83%8d%e7%a7%bb%e7%b1%8d%e4%ba%a4%e6%b8%89%e3%81%ab%e6%9c%9f%e9%99%90%e8%a8%ad%e5%ae%9a%e2%80%95%e2%80%95%e3%83%9e%e3%83%b3%e3%83%81%e3%82%a7%e3%82%b9%e3%82%bf/,2026-07-26T11:06:57,
1645,フラム、レンヌのアイト・ブドラルに2000万ポンドのオファー提示——移籍交渉の焦点を徹底分析,transfers,2727,https://premier-blog.com/2026/08/06/%e3%83%95%e3%83%a9%e3%83%a0%e3%80%81%e3%83%ac%e3%83%b3%e3%83%8c%e3%81%ae%e3%82%a2%e3%82%a4%e3%83%88%e3%83%bb%e3%83%96%e3%83%89%e3%83%a9%e3%83%ab%e3%81%ab2000%e4%b8%87%e3%83%9d%e3%83%b3%e3%83%89/,2026-08-06T10:08:27,
835,マンチェスター・ユナイテッド2026-27スカッド完全版｜マイケル・キャリック体制の全選手リスト,united,2731,https://premier-blog.com/2026/07/03/%e3%83%9e%e3%83%b3%e3%83%81%e3%82%a7%e3%82%b9%e3%82%bf%e3%83%bc%e3%83%bb%e3%83%a6%e3%83%8a%e3%82%a4%e3%83%86%e3%83%83%e3%83%892026-27%e3%82%b9%e3%82%ab%e3%83%83%e3%83%89%e5%ae%8c%e5%85%a8%e7%89%88/,2026-07-03T13:56:42,
911,ブレントフォード、ウィルソンをフリートランスファーで獲得へ——ウエストハム退団の34歳FW,transfers,2732,https://premier-blog.com/2026/07/07/%e3%83%96%e3%83%ac%e3%83%b3%e3%83%88%e3%83%95%e3%82%a9%e3%83%bc%e3%83%89%e3%80%81%e3%82%a6%e3%82%a3%e3%83%ab%e3%82%bd%e3%83%b3%e3%82%92%e3%83%95%e3%83%aa%e3%83%bc%e3%83%88%e3%83%a9%e3%83%b3%e3%82%b9/,2026-07-07T09:33:00,
1515,ラファエル・オニエディカ、アイントラハト・フランクフルト移籍合意——クラブ・ブルッヘから獲得へ,transfers,2732,https://premier-blog.com/2026/08/01/%e3%83%a9%e3%83%95%e3%82%a1%e3%82%a8%e3%83%ab%e3%83%bb%e3%82%aa%e3%83%8b%e3%82%a8%e3%83%87%e3%82%a3%e3%82%ab%e3%80%81%e3%82%a2%e3%82%a4%e3%83%b3%e3%83%88%e3%83%a9%e3%83%8f%e3%83%88%e3%83%bb%e3%83%95/,2026-08-01T13:11:53,
1162,オーバメヤン、マルセイユからデポルティボ・ア・コルーニャへ移籍金150万ユーロで加入,column,2736,https://premier-blog.com/2026/07/18/%e3%82%aa%e3%83%bc%e3%83%90%e3%83%a1%e3%83%a4%e3%83%b3%e3%80%81%e3%83%9e%e3%83%ab%e3%82%bb%e3%82%a4%e3%83%a6%e3%81%8b%e3%82%89%e3%83%87%e3%83%9d%e3%83%ab%e3%83%86%e3%82%a3%e3%83%9c%e3%83%bb%e3%82%a2/,2026-07-18T09:16:43,
1654,RBライプツィヒ、フィズニク・アスラニ獲得完了——ヤン・ジオマンデ売却前に新FW補強,europe,2744,https://premier-blog.com/2026/08/06/rb%e3%83%a9%e3%82%a4%e3%83%97%e3%83%84%e3%82%a3%e3%83%92%e3%80%81%e3%83%95%e3%82%a3%e3%82%ba%e3%83%8b%e3%82%af%e3%83%bb%e3%82%a2%e3%82%b9%e3%83%a9%e3%83%8b%e7%8d%b2%e5%be%97%e5%ae%8c%e4%ba%86/,2026-08-06T10:08:22,
534,イ・ガンイン、アトレティコ・マドリード移籍交渉進行中――グリマルドと並ぶ最優先ターゲット,column,2745,https://premier-blog.com/2026/06/20/%e3%82%a4%e3%83%bb%e3%82%ac%e3%83%b3%e3%82%a4%e3%83%b3%e3%80%81%e3%82%a2%e3%83%88%e3%83%ac%e3%83%86%e3%82%a3%e3%82%b3%e3%83%bb%e3%83%9e%e3%83%89%e3%83%aa%e3%83%bc%e3%83%89%e7%a7%bb%e7%b1%8d%e4%ba%a4/,2026-06-20T12:17:01,
1741,プレミアリーグ最年少出場記録ランキング：15歳の怪物から歴代トップ5まで,column,2747,https://premier-blog.com/2026/08/09/%e3%83%9e%e3%83%83%e3%82%af%e3%82%b9%e3%83%bb%e3%83%80%e3%82%a6%e3%83%9e%e3%83%b3%e3%80%8116%e6%ad%b373%e6%97%a5%e3%81%a7pl%e6%9c%80%e5%b9%b4%e5%b0%91%e5%be%97%e7%82%b9%e8%a8%98%e9%8c%b2%e3%82%92/,2026-08-09T09:15:31,
1858,リバプール、コーディ・ガクポ放出次第でウィンガー2人獲得を検討中,column,2748,https://premier-blog.com/2026/08/15/%e3%83%aa%e3%83%90%e3%83%97%e3%83%bc%e3%83%ab%e3%80%81%e3%82%b3%e3%83%bc%e3%83%87%e3%82%a3%e3%83%bb%e3%82%ac%e3%82%af%e3%83%9d%e6%94%be%e5%87%ba%e6%ac%a1%e7%ac%ac%e3%81%a7%e3%82%a6%e3%82%a3%e3%83%b3/,2026-08-15T11:31:46,
2166,CLプレーオフ：フェネルバフチェのリヨン撃破後、乱闘騒ぎ　ゲンドゥジが物議の中心に,column,2749,https://premier-blog.com/2026/08/28/cl%e3%83%97%e3%83%ac%e3%83%bc%e3%82%aa%e3%83%95%ef%bc%9a%e3%83%95%e3%82%a7%e3%83%8d%e3%83%ab%e3%83%90%e3%83%95%e3%83%81%e3%82%a7%e3%81%ae%e3%83%aa%e3%83%a8%e3%83%b3%e6%92%83%e7%a0%b4%e5%be%8c%e3%80%81/,2026-08-28T09:24:38,
1279,バルコのチェルシー移籍が正式決定——ストラスブールからのブループリントが加速,transfers,2754,https://premier-blog.com/2026/07/23/%e3%83%90%e3%83%ab%e3%82%b3%e3%81%ae%e3%83%81%e3%82%a7%e3%83%ab%e3%82%b7%e3%83%bc%e7%a7%bb%e7%b1%8d%e3%81%8c%e6%ad%a3%e5%bc%8f%e6%b1%ba%e5%ae%9a-%e3%82%b9%e3%83%88%e3%83%a9%e3%82%b9/,2026-07-23T17:32:10,
1843,バルセロナ、フェラン・トーレスをPSGへ約50億円で売却――ロドリ獲得とジュリアン・アルバレス争奪戦が動く,europe,2757,https://premier-blog.com/2026/08/14/%e3%83%90%e3%83%ab%e3%82%bb%e3%83%ad%e3%83%8a%e3%80%81%e3%83%95%e3%82%a7%e3%83%a9%e3%83%b3%e3%83%bb%e3%83%88%e3%83%bc%e3%83%ac%e3%82%b9%e3%82%92psg%e3%81%b8%e7%b4%8450%e5%84%84%e5%86%86%e3%81%a7/,2026-08-14T08:41:14,
2140,元イングランド代表監督がマンUの移籍戦略を絶賛——バルデ獲得噂も浮上,united,2759,https://premier-blog.com/2026/08/27/%e5%85%83%e3%82%a4%e3%83%b3%e3%82%b0%e3%83%a9%e3%83%b3%e3%83%89%e4%bb%a3%e8%a1%a8%e7%9b%a3%e7%9d%a3%e3%81%8c%e3%83%9e%e3%83%b3u%e3%81%ae%e7%a7%bb%e7%b1%8d%e6%88%a6%e7%95%a5%e3%82%92%e7%b5%b6%e8%b3%9b/,2026-08-27T10:37:01,
2564,ユナイテッドが直面するアレックス・スコット争奪戦——ボーンマスの1億ポンド要求と来夏移籍の行方,united,2759,https://premier-blog.com/2026/09/13/%e3%83%a6%e3%83%8a%e3%82%a4%e3%83%86%e3%83%83%e3%83%89%e3%81%8c%e7%9b%b4%e9%9d%a2%e3%81%99%e3%82%8b%e3%82%a2%e3%83%ac%e3%83%83%e3%82%af%e3%82%b9%e3%83%bb%e3%82%b9%e3%82%b3%e3%83%83%e3%83%88%e4%ba%89/,2026-09-13T10:03:22,
1758,ディオマンデ、ノッティンガム・フォレスト移籍へ向け英国入り——メディカル受診へ,column,2768,https://premier-blog.com/2026/08/10/%e3%83%87%e3%82%a3%e3%82%aa%e3%83%9e%e3%83%b3%e3%83%87%e3%80%81%e3%83%8e%e3%83%83%e3%83%86%e3%82%a3%e3%83%b3%e3%82%ac%e3%83%a0%e3%83%bb%e3%83%95%e3%82%a9%e3%83%ac%e3%82%b9%e3%83%88%e7%a7%bb%e7%b1%8d/,2026-08-10T08:52:56,
2346,サッカーPK戦の心理戦を徹底解説——キッカーとGKはどちらが有利なのか？,column,2769,https://premier-blog.com/2026/09/03/%e3%82%b5%e3%83%83%e3%82%ab%e3%83%bcpk%e6%88%a6%e3%81%ae%e5%bf%83%e7%90%86%e6%88%a6%e3%82%92%e5%be%b9%e5%ba%95%e8%a7%a3%e8%aa%ac-%e3%82%ad%e3%83%83%e3%82%ab%e3%83%bc%e3%81%a8gk/,2026-09-03T12:22:02,
1585,ウェスレー、アル・ナスルからクルゼイロへ期限付き移籍——買取オプションなしの純粋ローン,transfers,2771,https://premier-blog.com/2026/08/04/%e3%82%a6%e3%82%a7%e3%82%b9%e3%83%ac%e3%83%bc%e3%80%81%e3%82%a2%e3%83%ab%e3%83%bb%e3%83%8a%e3%82%b9%e3%83%ab%e3%81%8b%e3%82%89%e3%82%af%e3%83%ab%e3%82%bc%e3%82%a4%e3%83%ad%e3%81%b8%e6%9c%9f%e9%99%90/,2026-08-04T13:12:18,
1789,エンツォ・フェルナンデス放出か？マンチェスター・シティが接触、チェルシーの売却条件が焦点に,transfers,2782,https://premier-blog.com/2026/08/12/%e3%82%a8%e3%83%b3%e3%83%84%e3%82%a9%e3%83%bb%e3%83%95%e3%82%a7%e3%83%ab%e3%83%8a%e3%83%b3%e3%83%87%e3%82%b9%e6%94%be%e5%87%ba%e3%81%8b%ef%bc%9f%e3%83%9e%e3%83%b3%e3%83%81%e3%82%a7%e3%82%b9%e3%82%bf/,2026-08-12T10:13:44,
1849,ジェイドン・サンチョ、プレミアリーグ復帰を拒否——アストン・ビラで岐路に立つ26歳の現在地,transfers,2783,https://premier-blog.com/2026/08/15/%e3%82%b8%e3%82%a7%e3%82%a4%e3%83%89%e3%83%b3%e3%83%bb%e3%82%b5%e3%83%b3%e3%83%81%e3%83%a7%e3%80%81%e3%83%97%e3%83%ac%e3%83%9f%e3%82%a2%e3%83%aa%e3%83%bc%e3%82%b0%e5%be%a9%e5%b8%b0%e3%82%92%e6%8b%92/,2026-08-15T11:31:52,
919,マンチェスター・ユナイテッド、チュアメニ獲得へ準備完了——€70m評価額の中盤最優先ターゲット,united,2785,https://premier-blog.com/2026/07/08/%e3%83%9e%e3%83%b3%e3%83%81%e3%82%a7%e3%82%b9%e3%82%bf%e3%83%bc%e3%83%bb%e3%83%a6%e3%83%8a%e3%82%a4%e3%83%86%e3%83%83%e3%83%89%e3%80%81%e3%83%81%e3%83%a5%e3%82%a2%e3%83%a1%e3%83%8b%e7%8d%b2%e5%be%97/,2026-07-08T11:51:44,
1113,ベリンガム、W杯での「消えた21分」―元マン・ユナイテッド選手が指摘した致命的欠陥,united,2787,https://premier-blog.com/2026/07/17/%e3%83%99%e3%83%aa%e3%83%b3%e3%82%ac%e3%83%a0%e3%80%81w%e6%9d%af%e3%81%a7%e3%81%ae%e3%80%8c%e6%b6%88%e3%81%88%e3%81%9f21%e5%88%86%e3%80%8d%e2%80%95%e5%85%83%e3%83%9e%e3%83%b3%e3%83%bb%e3%83%a6/,2026-07-17T10:38:17,
1701,ナポリ、アーセナルのガブリエウ・ジェズス獲得へ接触開始,column,2791,https://premier-blog.com/2026/08/08/%e3%83%8a%e3%83%9d%e3%83%aa%e3%80%81%e3%82%a2%e3%83%bc%e3%82%bb%e3%83%8a%e3%83%ab%e3%81%ae%e3%82%ac%e3%83%96%e3%83%aa%e3%82%a8%e3%82%a6%e3%83%bb%e3%82%b8%e3%82%a7%e3%82%ba%e3%82%b9%e7%8d%b2%e5%be%97/,2026-08-08T09:43:19,
2016,リバプール、ミンテ獲得へ6000万ポンド改定オファー提示――ブライトンとの交渉が大詰めへ,transfers,2794,https://premier-blog.com/2026/08/22/%e3%83%aa%e3%83%90%e3%83%97%e3%83%bc%e3%83%ab%e3%80%81%e3%83%9f%e3%83%b3%e3%83%86%e7%8d%b2%e5%be%97%e3%81%b86000%e4%b8%87%e3%83%9d%e3%83%b3%e3%83%89%e6%94%b9%e5%ae%9a%e3%82%aa%e3%83%95%e3%82%a1/,2026-08-22T10:51:07,
1459,マン・ユナイテッド、3人目MF候補を2名に絞り込み――バレバ、コネが最有力,united,2795,https://premier-blog.com/2026/07/30/%e3%83%9e%e3%83%b3%e3%83%bb%e3%83%a6%e3%83%8a%e3%82%a4%e3%83%86%e3%83%83%e3%83%89%e3%80%813%e4%ba%ba%e7%9b%aemf%e5%80%99%e8%a3%9c%e3%82%922%e5%90%8d%e3%81%ab%e7%b5%9e%e3%82%8a%e8%be%bc%e3%81%bf/,2026-07-30T08:21:39,
1733,ビニシウス・ジュニオール・ジュニオール、レアル・マドリード契約延長を正式締結——アーセナルの関心も実らず,transfers,2798,https://premier-blog.com/2026/08/09/%e3%83%93%e3%83%8b%e3%82%b7%e3%82%a6%e3%82%b9%e3%83%bb%e3%82%b8%e3%83%a5%e3%83%8b%e3%82%aa%e3%83%bc%e3%83%ab%e3%83%bb%e3%82%b8%e3%83%a5%e3%83%8b%e3%82%aa%e3%83%bc%e3%83%ab%e3%80%81%e3%83%ac%e3%82%a2/,2026-08-09T09:15:37,
2479,Arsenal vs Chelsea ロンドンダービー戦術分析｜元チームの男が鍵を握った激闘の真相,match-reviews,2801,https://premier-blog.com/2026/09/08/arsenal-vs-chelsea-%e3%83%ad%e3%83%b3%e3%83%89%e3%83%b3%e3%83%80%e3%83%bc%e3%83%93%e3%83%bc%e6%88%a6%e8%a1%93%e5%88%86%e6%9e%90%ef%bd%9c%e5%85%83%e3%83%81%e3%83%bc%e3%83%a0%e3%81%ae%e7%94%b7%e3%81%8c/,2026-09-08T11:03:02,
2648,エルチェ戦で苦戦もムバッペのアシストが逆転劇を演出、マドリーが劇的勝利,europe,2803,https://premier-blog.com/2026/09/16/%e3%82%a8%e3%83%ab%e3%83%81%e3%82%a7%e6%88%a6%e3%81%a7%e8%8b%a6%e6%88%a6%e3%82%82%e3%83%a0%e3%83%90%e3%83%83%e3%83%9a%e3%81%ae%e3%82%a2%e3%82%b7%e3%82%b9%e3%83%88%e3%81%8c%e9%80%86%e8%bb%a2%e5%8a%87/,2026-09-16T10:13:03,
1188,チェルシー、バルセロナの1億ポンド超オファーでもジョアン・ペドロ売却拒否を決断,europe,2809,https://premier-blog.com/2026/07/20/%e3%83%81%e3%82%a7%e3%83%ab%e3%82%b7%e3%83%bc%e3%80%81%e3%83%90%e3%83%ab%e3%82%bb%e3%83%ad%e3%83%8a%e3%81%ae1%e5%84%84%e3%83%9d%e3%83%b3%e3%83%89%e8%b6%85%e3%82%aa%e3%83%95%e3%82%a1%e3%83%bc%e3%81%a7/,2026-07-20T19:48:42,
1894,ヴァーディにサンパウロが接触——クレモネーゼ加入後、今度はブラジルから新オファー浮上,transfers,2809,https://premier-blog.com/2026/08/17/%e3%83%b4%e3%82%a1%e3%83%bc%e3%83%87%e3%82%a3%e3%81%ab%e3%82%b5%e3%83%b3%e3%83%91%e3%82%a6%e3%83%ad%e3%81%8c%e6%8e%a5%e8%a7%a6-%e3%82%af%e3%83%ac%e3%83%a2%e3%83%8d%e3%83%bc%e3%82%bc/,2026-08-17T12:07:42,
969,ドゥエがスタメン復帰——フランス対モロッコ、W杯2026準々決勝の注目マッチアップ,europe,2811,https://premier-blog.com/2026/07/10/%e3%83%89%e3%82%a5%e3%82%a8%e3%81%8c%e3%82%b9%e3%82%bf%e3%83%a1%e3%83%b3%e5%be%a9%e5%b8%b0-%e3%83%95%e3%83%a9%e3%83%b3%e3%82%b9%e5%af%be%e3%83%a2%e3%83%ad%e3%83%83%e3%82%b3%e3%80%81w/,2026-07-10T09:59:22,
2123,マンチェスター・ユナイテッド、開幕戦まさかの敗戦が突きつけた厳しい現実,united,2817,https://premier-blog.com/2026/08/27/%e3%83%9e%e3%83%b3%e3%83%81%e3%82%a7%e3%82%b9%e3%82%bf%e3%83%bc%e3%83%bb%e3%83%a6%e3%83%8a%e3%82%a4%e3%83%86%e3%83%83%e3%83%89%e3%80%81%e9%96%8b%e5%b9%95%e6%88%a6%e3%81%be%e3%81%95%e3%81%8b%e3%81%ae/,2026-08-27T10:37:14,
2087,チェルシー監督ハビ・アロンソ、元レアル・マドリード同士の直接対決を制す,europe,2820,https://premier-blog.com/2026/08/25/%e3%83%81%e3%82%a7%e3%83%ab%e3%82%b7%e3%83%bc%e7%9b%a3%e7%9d%a3%e3%83%8f%e3%83%93%e3%83%bb%e3%82%a2%e3%83%ad%e3%83%b3%e3%82%bd%e3%80%81%e5%85%83%e3%83%ac%e3%82%a2%e3%83%ab%e3%83%bb%e3%83%9e%e3%83%89/,2026-08-25T11:05:54,
519,マラシア、マンU退団確定——4年間でわずか49試合の悲劇的キャリアに幕,united,2824,https://premier-blog.com/2026/06/20/%e3%83%9e%e3%83%a9%e3%82%b7%e3%82%a2%e3%80%81%e3%83%9e%e3%83%b3u%e9%80%80%e5%9b%a3%e7%a2%ba%e5%ae%9a-4%e5%b9%b4%e9%96%93%e3%81%a7%e3%82%8f%e3%81%9a%e3%81%8b49%e8%a9%a6%e5%90%88/,2026-06-20T12:17:09,
2374,チェルシー vs ブライトン 戦術分析｜第2節 7ゴールの激闘、シャビ・アロンソ新体制に見えた光と影,match-reviews,2828,https://premier-blog.com/2026/09/04/%e3%83%81%e3%82%a7%e3%83%ab%e3%82%b7%e3%83%bc-vs-%e3%83%96%e3%83%a9%e3%82%a4%e3%83%88%e3%83%b3-%e6%88%a6%e8%a1%93%e5%88%86%e6%9e%90%ef%bd%9c%e7%ac%ac2%e7%af%80-7%e3%82%b4%e3%83%bc%e3%83%ab%e3%81%ae/,2026-09-04T12:02:23,
1493,ボルシア・ドルトムント、KRCヘンクのカレツァス（18歳）と原則合意―ヘンクは最大3500万ユーロを要求,column,2830,https://premier-blog.com/2026/07/31/%e3%83%9c%e3%83%ab%e3%82%b7%e3%82%a2%e3%83%bb%e3%83%89%e3%83%ab%e3%83%88%e3%83%a0%e3%83%b3%e3%83%88%e3%80%81krc%e3%83%98%e3%83%b3%e3%82%af%e3%81%ae%e3%82%ab%e3%83%ac%e3%83%84%e3%82%a1%e3%82%b9/,2026-07-31T15:47:57,
958,カール・ダーロウ、マン・ユナイテッドへフリー移籍が確実視　バイインドル退団の可能性も,united,2837,https://premier-blog.com/2026/07/10/%e3%82%ab%e3%83%bc%e3%83%ab%e3%83%bb%e3%83%80%e3%83%bc%e3%83%ad%e3%82%a6%e3%80%81%e3%83%9e%e3%83%b3%e3%83%bb%e3%83%a6%e3%83%8a%e3%82%a4%e3%83%86%e3%83%83%e3%83%89%e3%81%b8%e3%83%95%e3%83%aa%e3%83%bc/,2026-07-10T09:59:53,
1904,ブルーノ・フェルナンデス獲得にガラタサライが約52億円オファー、マン・ユナイテッドは売却拒否,united,2840,https://premier-blog.com/2026/08/18/%e3%83%96%e3%83%ab%e3%83%bc%e3%83%8e%e3%83%bb%e3%83%95%e3%82%a7%e3%83%ab%e3%83%8a%e3%83%b3%e3%83%87%e3%82%b9%e7%8d%b2%e5%be%97%e3%81%ab%e3%82%ac%e3%83%a9%e3%82%bf%e3%82%b5%e3%83%a9%e3%82%a4%e3%81%8c/,2026-08-18T09:23:24,
1776,フェネルバフチェ、ルカクをナポリへの正式オファーで獲得交渉中,transfers,2844,https://premier-blog.com/2026/08/11/%e3%83%95%e3%82%a7%e3%83%8d%e3%83%ab%e3%83%90%e3%83%95%e3%83%81%e3%82%a7%e3%80%81%e3%83%ab%e3%82%ab%e3%82%af%e3%82%92%e3%83%8a%e3%83%9d%e3%83%aa%e3%81%b8%e3%81%ae%e6%ad%a3%e5%bc%8f%e3%82%aa%e3%83%95/,2026-08-11T09:00:45,
1797,プレミアリーグ 開幕戦ゴール数ランキング：モハメド・サラーが塗り替えた歴代記録,column,2853,https://premier-blog.com/2026/08/12/%e3%83%a2%e3%83%8f%e3%83%a1%e3%83%89%e3%83%bb%e3%82%b5%e3%83%a9%e3%83%bc%e3%81%8c%e3%83%ad%e3%83%8a%e3%82%a6%e3%83%89%e3%83%bb%e3%82%a2%e3%83%b3%e3%83%aa%e3%82%92%e8%b6%85%e3%81%88%e3%81%9f%ef%bc%9f/,2026-08-12T10:13:39,
2119,マンチェスター・シティ vs ボーンマス 戦術分析｜開幕節、マレスカ初陣に訪れた衝撃の逆転劇,match-reviews,2853,https://premier-blog.com/2026/08/26/%e3%83%9e%e3%83%b3%e3%83%81%e3%82%a7%e3%82%b9%e3%82%bf%e3%83%bc%e3%83%bb%e3%82%b7%e3%83%86%e3%82%a3-vs-%e3%83%9c%e3%83%bc%e3%83%b3%e3%83%9e%e3%82%b9-%e6%88%a6%e8%a1%93%e5%88%86%e6%9e%90%ef%bd%9c/,2026-08-26T08:55:29,
1019,マンチェスター・ユナイテッド、ティーレマンス＆サントスの2選手獲得にキャリック監督が反応,transfers,2857,https://premier-blog.com/2026/07/14/%e3%83%9e%e3%83%b3%e3%83%81%e3%82%a7%e3%82%b9%e3%82%bf%e3%83%bc%e3%83%bb%e3%83%a6%e3%83%8a%e3%82%a4%e3%83%86%e3%83%83%e3%83%89%e3%80%81%e3%83%86%e3%82%a3%e3%83%bc%e3%83%ac%e3%83%9e%e3%83%b3%e3%82%b9/,2026-07-14T22:59:23,
1125,ゼキ・チェリク、フリートランスファーでユベントスへ正式加入―3年契約で新天地へ,europe,2857,https://premier-blog.com/2026/07/17/%e3%82%bc%e3%82%ad%e3%83%bb%e3%83%81%e3%82%a7%e3%83%aa%e3%82%af%e3%80%81%e3%83%95%e3%83%aa%e3%83%bc%e3%83%88%e3%83%a9%e3%83%b3%e3%82%b9%e3%83%95%e3%82%a1%e3%83%bc%e3%81%a7%e3%83%a6%e3%83%99%e3%83%b3/,2026-07-17T10:38:09,
1364,ASローマ、ボローニャのストライカー、サンティアゴ・カストロ獲得へ交渉開始——カストロ本人も移籍に前向き,column,2862,https://premier-blog.com/2026/07/26/as%e3%83%ad%e3%83%bc%e3%83%9e%e3%80%81%e3%83%9c%e3%83%ad%e3%83%bc%e3%83%8b%e3%83%a3%e3%81%ae%e3%82%b9%e3%83%88%e3%83%a9%e3%82%a4%e3%82%ab%e3%83%bc%e3%80%81%e3%82%b5%e3%83%b3%e3%83%86%e3%82%a3%e3%82%a2/,2026-07-26T11:06:51,
2574,フェリックス・ニメチャ弾でドルトムントがパーダーボルンを撃破、マン・ユナイテッドも関心か,column,2863,https://premier-blog.com/2026/09/13/%e3%83%95%e3%82%a7%e3%83%aa%e3%83%83%e3%82%af%e3%82%b9%e3%83%bb%e3%83%8b%e3%83%a1%e3%83%81%e3%83%a3%e5%bc%be%e3%81%a7%e3%83%89%e3%83%ab%e3%83%88%e3%83%a0%e3%83%b3%e3%83%88%e3%81%8c%e3%83%91%e3%83%bc/,2026-09-13T10:03:17,
883,ニューカッスルがバズマナ・トゥレを€4700万で正式獲得——ブンデスリーガの俊足ウィンガー加入,transfers,2866,https://premier-blog.com/2026/07/06/%e3%83%8b%e3%83%a5%e3%83%bc%e3%82%ab%e3%83%83%e3%82%b9%e3%83%ab%e3%81%8c%e3%83%90%e3%82%ba%e3%83%9e%e3%83%8a%e3%83%bb%e3%83%88%e3%82%a5%e3%83%ac%e3%82%92e4700%e4%b8%87%e3%81%a7%e6%ad%a3%e5%bc%8f/,2026-07-06T10:30:54,
1748,マンチェスター・ユナイテッド、レスター18歳MFルイス・ペイジ獲得交渉中,united,2866,https://premier-blog.com/2026/08/10/%e3%83%9e%e3%83%b3%e3%83%81%e3%82%a7%e3%82%b9%e3%82%bf%e3%83%bc%e3%83%bb%e3%83%a6%e3%83%8a%e3%82%a4%e3%83%86%e3%83%83%e3%83%89%e3%80%81%e3%83%ac%e3%82%b9%e3%82%bf%e3%83%bc18%e6%ad%b3mf%e3%83%ab/,2026-08-10T08:52:58,
821,ブライトン、トッテナムからルカ・ブスコビッチを約46億円で獲得合意,transfers,2867,https://premier-blog.com/2026/07/02/%e3%83%96%e3%83%a9%e3%82%a4%e3%83%88%e3%83%b3%e3%80%81%e3%83%88%e3%83%83%e3%83%86%e3%83%8a%e3%83%a0%e3%81%8b%e3%82%89%e3%83%ab%e3%82%ab%e3%83%bb%e3%83%96%e3%82%b9%e3%82%b3%e3%83%93%e3%83%83%e3%83%81/,2026-07-02T09:00:34,
950,ユベントス、コロ・ムアニ獲得交渉に暗雲——PSGが優先権を撤回し他クラブへ売却へ,europe,2867,https://premier-blog.com/2026/07/09/%e3%83%a6%e3%83%99%e3%83%b3%e3%83%88%e3%82%b9%e3%80%81%e3%82%b3%e3%83%ad%e3%83%bb%e3%83%a0%e3%82%a2%e3%83%8b%e7%8d%b2%e5%be%97%e4%ba%a4%e6%b8%89%e3%81%ab%e6%9a%97%e9%9b%b2-psg/,2026-07-09T12:07:46,
2401,ルーク・ショー、今季が事実上の査定期間——マン・ユナイテッドの契約問題を徹底分析,united,2868,https://premier-blog.com/2026/09/06/%e3%83%ab%e3%83%bc%e3%82%af%e3%83%bb%e3%82%b7%e3%83%a7%e3%83%bc%e3%80%81%e4%bb%8a%e5%ad%a3%e3%81%8c%e4%ba%8b%e5%ae%9f%e4%b8%8a%e3%81%ae%e6%9f%bb%e5%ae%9a%e6%9c%9f%e9%96%93-%e3%83%9e/,2026-09-06T09:03:55,
557,マーク・ヒューズ、38歳の息子アレックスの突然の死に「完全に打ちのめされた」,united,2873,https://premier-blog.com/2026/06/22/%e3%83%9e%e3%83%bc%e3%82%af%e3%83%bb%e3%83%92%e3%83%a5%e3%83%bc%e3%82%ba%e3%80%8138%e6%ad%b3%e3%81%ae%e6%81%af%e5%ad%90%e3%82%a2%e3%83%ac%e3%83%83%e3%82%af%e3%82%b9%e3%81%ae%e7%aa%81%e7%84%b6%e3%81%ae/,2026-06-22T10:29:17,
1306,ニューカッスル、アラジ・バンバをASモナコから獲得正式契約締結,transfers,2875,https://premier-blog.com/2026/07/24/%e3%83%8b%e3%83%a5%e3%83%bc%e3%82%ab%e3%83%83%e3%82%b9%e3%83%ab%e3%80%81%e3%82%a2%e3%83%a9%e3%82%b8%e3%83%bb%e3%83%90%e3%83%b3%e3%83%90%e3%82%92as%e3%83%a2%e3%83%8a%e3%82%b3%e3%81%8b%e3%82%89%e7%8d%b2/,2026-07-24T10:15:21,
1474,マン・ユナイテッド、W杯GKオルランド・ギルへの接触をエージェントが公式確認,united,2878,https://premier-blog.com/2026/07/31/%e3%83%9e%e3%83%b3%e3%83%bb%e3%83%a6%e3%83%8a%e3%82%a4%e3%83%86%e3%83%83%e3%83%89%e3%80%81w%e6%9d%afgk%e3%82%aa%e3%83%ab%e3%83%a9%e3%83%b3%e3%83%89%e3%83%bb%e3%82%ae%e3%83%ab%e3%81%b8%e3%81%ae/,2026-07-31T15:48:09,
753,マンチェスター・シティとトッテナムが競合——ニューカッスルのトナーリに£1億の争奪戦,transfers,2883,https://premier-blog.com/2026/06/30/%e3%83%9e%e3%83%b3%e3%83%81%e3%82%a7%e3%82%b9%e3%82%bf%e3%83%bc%e3%83%bb%e3%82%b7%e3%83%86%e3%82%a3%e3%81%a8%e3%83%88%e3%83%83%e3%83%86%e3%83%8a%e3%83%a0%e3%81%8c%e7%ab%b6%e5%90%88/,2026-06-30T08:58:08,
524,ゲアリー・オニール、ストラスブールを離れイプスウィッチ新監督就任へ,column,2886,https://premier-blog.com/2026/06/20/%e3%82%b2%e3%82%a2%e3%83%aa%e3%83%bc%e3%83%bb%e3%82%aa%e3%83%8b%e3%83%bc%e3%83%ab%e3%80%81%e3%82%b9%e3%83%88%e3%83%a9%e3%82%b9%e3%83%96%e3%83%bc%e3%83%ab%e3%82%92%e9%9b%a2%e3%82%8c%e3%82%a4%e3%83%97/,2026-06-20T12:17:05,
832,マンチェスター・ユナイテッド選手2026年W杯最新情報：ラッシュフォード負傷離脱危機,united,2887,https://premier-blog.com/2026/07/03/%e3%83%9e%e3%83%b3%e3%83%81%e3%82%a7%e3%82%b9%e3%82%bf%e3%83%bc%e3%83%bb%e3%83%a6%e3%83%8a%e3%82%a4%e3%83%86%e3%83%83%e3%83%89%e9%81%b8%e6%89%8b2026%e5%b9%b4w%e6%9d%af%e6%9c%80%e6%96%b0%e6%83%85/,2026-07-03T13:56:45,
1420,ロヴロ・マイェル、AEKアテネへ移籍合意——ウォルフスブルクから600万ユーロ超,transfers,2889,https://premier-blog.com/2026/07/28/%e3%83%ad%e3%83%b4%e3%83%ad%e3%83%bb%e3%83%9e%e3%82%a4%e3%82%a7%e3%83%ab%e3%80%81aek%e3%82%a2%e3%83%86%e3%83%8d%e3%81%b8%e7%a7%bb%e7%b1%8d%e5%90%88%e6%84%8f-%e3%82%a6%e3%82%a9/,2026-07-28T08:31:11,
2418,ハル・シティ vs アストン・ビラ｜昇格組の意地が&#8221;再建中の強豪&#8221;を完封した第3節 戦術分析,match-reviews,2893,https://premier-blog.com/2026/09/07/%e3%83%8f%e3%83%ab%e3%83%bb%e3%82%b7%e3%83%86%e3%82%a3-vs-%e3%82%a2%e3%82%b9%e3%83%88%e3%83%b3%e3%83%bb%e3%83%93%e3%83%a9%ef%bd%9c%e6%98%87%e6%a0%bc%e7%b5%84%e3%81%ae%e6%84%8f%e5%9c%b0%e3%81%8c/,2026-09-07T08:58:14,
2441,エスパニョール vs セビージャ：劇的な終盤逆転劇でラ・リーガ第4節を振り返る,europe,2896,https://premier-blog.com/2026/09/07/%e3%82%a8%e3%82%b9%e3%83%91%e3%83%8b%e3%83%a7%e3%83%bc%e3%83%ab-vs-%e3%82%bb%e3%83%93%e3%83%bc%e3%82%b8%e3%83%a3%ef%bc%9a%e5%8a%87%e7%9a%84%e3%81%aa%e7%b5%82%e7%9b%a4%e9%80%86%e8%bb%a2%e5%8a%87/,2026-09-07T08:58:53,
1408,ユベントス、マン・ユナイテッドのジョシュア・ジルクゼー獲得交渉で首位浮上,europe,2897,https://premier-blog.com/2026/07/28/%e3%83%a6%e3%83%99%e3%83%b3%e3%83%88%e3%82%b9%e3%80%81%e3%83%9e%e3%83%b3%e3%83%bb%e3%83%a6%e3%83%8a%e3%82%a4%e3%83%86%e3%83%83%e3%83%89%e3%81%ae%e3%82%b8%e3%83%a7%e3%82%b7%e3%83%a5%e3%82%a2%e3%83%bb/,2026-07-28T08:31:20,
1270,チュアメニ、レアル・マドリーと契約延長へ—マンチェスター・ユナイテッドの獲得断念が確定,united,2902,https://premier-blog.com/2026/07/23/%e3%83%81%e3%83%a5%e3%82%a2%e3%83%a1%e3%83%8b%e3%80%81%e3%83%ac%e3%82%a2%e3%83%ab%e3%83%bb%e3%83%9e%e3%83%89%e3%83%aa%e3%83%bc%e3%81%a8%e5%a5%91%e7%b4%84%e5%bb%b6%e9%95%b7%e3%81%b8-%e3%83%9e/,2026-07-23T17:32:13,
705,アーセナル、ブルーノ・ギマランイス獲得へ再オファー検討――5500万ポンド即時払いを拒否されたニューカッスル,transfers,2908,https://premier-blog.com/2026/06/27/%e3%82%a2%e3%83%bc%e3%82%bb%e3%83%8a%e3%83%ab%e3%80%81%e3%83%96%e3%83%ab%e3%83%bc%e3%83%8e%e3%83%bb%e3%82%ae%e3%83%9e%e3%83%a9%e3%83%b3%e3%82%a4%e3%82%b9%e7%8d%b2%e5%be%97%e3%81%b8%e5%86%8d%e3%82%aa/,2026-06-27T14:59:44,
1871,ヒンシェルウッド争奪戦：アーセナルが£51m目標でマン・ユナイテッドをリード,united,2911,https://premier-blog.com/2026/08/16/%e3%83%92%e3%83%b3%e3%82%b7%e3%82%a7%e3%83%ab%e3%82%a6%e3%83%83%e3%83%89%e4%ba%89%e5%a5%aa%e6%88%a6%ef%bc%9a%e3%82%a2%e3%83%bc%e3%82%bb%e3%83%8a%e3%83%ab%e3%81%8c51m%e7%9b%ae%e6%a8%99%e3%81%a7/,2026-08-16T12:28:24,
1091,ハリー・ケインが明かした代表引退への本音——W杯2026後の去就に注目集まる,transfers,2916,https://premier-blog.com/2026/07/16/%e3%83%8f%e3%83%aa%e3%83%bc%e3%83%bb%e3%82%b1%e3%82%a4%e3%83%b3%e3%80%81w%e6%9d%af2026%e5%be%8c%e3%81%ae%e4%bb%a3%e8%a1%a8%e5%bc%95%e9%80%80%e3%82%92%e6%98%8e%e8%a8%80%e3%81%9b%e3%81%9a%e3%80%8c/,2026-07-16T13:20:01,
923,ヤクブ・カミンスキ、ベンフィカへ移籍金1700万ユーロで完全移籍,column,2917,https://premier-blog.com/2026/07/08/%e3%83%a4%e3%82%af%e3%83%96%e3%83%bb%e3%82%ab%e3%83%9f%e3%83%b3%e3%82%b9%e3%82%ad%e3%80%81%e3%83%99%e3%83%b3%e3%83%95%e3%82%a3%e3%82%ab%e3%81%b8%e7%a7%bb%e7%b1%8d%e9%87%911700%e4%b8%87%e3%83%a6/,2026-07-08T11:51:43,
1781,セルタ・ビゴ、ボカ・ジュニアーズのゼバジョス獲得へ正式オファー準備中,transfers,2918,https://premier-blog.com/2026/08/11/%e3%82%bb%e3%83%ab%e3%82%bf%e3%83%bb%e3%83%93%e3%82%b4%e3%80%81%e3%83%9c%e3%82%ab%e3%83%bb%e3%82%b8%e3%83%a5%e3%83%8b%e3%82%a2%e3%83%bc%e3%82%ba%e3%81%ae%e3%82%bc%e3%83%90%e3%82%b8%e3%83%a7%e3%82%b9/,2026-08-11T09:00:42,
1147,クリスト・イナオ・ウライ、フィオレンティーナへ3000万ユーロで移籍合意,transfers,2925,https://premier-blog.com/2026/07/18/%e3%82%af%e3%83%aa%e3%82%b9%e3%83%88%e3%83%bb%e3%82%a4%e3%83%8a%e3%82%aa%e3%83%bb%e3%82%a6%e3%83%a9%e3%82%a4%e3%80%81%e3%83%95%e3%82%a3%e3%82%aa%e3%83%ac%e3%83%b3%e3%83%86%e3%82%a3%e3%83%bc%e3%83%8a/,2026-07-18T09:16:49,
2349,サンダーランド vs フルハム 戦術分析｜スタジアム・オブ・ライト、歓喜の初勝利を呼んだ交代策の妙,match-reviews,2926,https://premier-blog.com/2026/09/03/%e3%82%b5%e3%83%b3%e3%83%80%e3%83%bc%e3%83%a9%e3%83%b3%e3%83%89-vs-%e3%83%95%e3%83%ab%e3%83%8f%e3%83%a0-%e6%88%a6%e8%a1%93%e5%88%86%e6%9e%90%ef%bd%9c%e3%82%b9%e3%82%bf%e3%82%b8%e3%82%a2%e3%83%a0/,2026-09-03T12:21:58,
2158,ブライトン vs アストン・ビラ　開幕戦で衝撃の4ゴール完封劇｜ヒンシェルウッドの2発と退場劇が生んだ圧倒的支配の戦術分析,match-reviews,2929,https://premier-blog.com/2026/08/28/%e3%83%96%e3%83%a9%e3%82%a4%e3%83%88%e3%83%b3-vs-%e3%82%a2%e3%82%b9%e3%83%88%e3%83%b3%e3%83%bb%e3%83%93%e3%83%a9%e3%80%80%e9%96%8b%e5%b9%95%e6%88%a6%e3%81%a7%e8%a1%9d%e6%92%83%e3%81%ae4%e3%82%b4/,2026-08-28T09:24:45,
1649,クリスティアン・ノアゴー、アーセナルからエバートンへ£700万で移籍完了,transfers,2934,https://premier-blog.com/2026/08/06/%e3%82%af%e3%83%aa%e3%82%b9%e3%83%86%e3%82%a3%e3%82%a2%e3%83%b3%e3%83%bb%e3%83%8e%e3%82%a2%e3%82%b4%e3%83%bc%e3%80%81%e3%82%a2%e3%83%bc%e3%82%bb%e3%83%8a%e3%83%ab%e3%81%8b%e3%82%89%e3%82%a8%e3%83%90/,2026-08-06T10:08:24,
2588,マンチェスター・ダービー敗戦後、ルーニーが夏の移籍市場をめぐりユナイテッドを痛烈批判,united,2934,https://premier-blog.com/2026/09/14/%e3%83%9e%e3%83%b3%e3%83%81%e3%82%a7%e3%82%b9%e3%82%bf%e3%83%bc%e3%83%bb%e3%83%80%e3%83%bc%e3%83%93%e3%83%bc%e6%95%97%e6%88%a6%e5%be%8c%e3%80%81%e3%83%ab%e3%83%bc%e3%83%8b%e3%83%bc%e3%81%8c%e5%a4%8f/,2026-09-14T09:30:15,
1224,タイナン・トンプソン、トッテナムからマンU移籍——保証額400万ポンドの18歳左ウィンガーとは何者か,column,2935,https://premier-blog.com/2026/07/22/%e3%82%bf%e3%82%a4%e3%83%8a%e3%83%b3%e3%83%bb%e3%83%88%e3%83%b3%e3%83%97%e3%82%bd%e3%83%b3%e3%80%81%e3%83%88%e3%83%83%e3%83%86%e3%83%8a%e3%83%a0%e3%81%8b%e3%82%89%e3%83%9e%e3%83%b3u%e7%a7%bb%e7%b1%8d/,2026-07-22T00:51:19,
2205,ラッシュフォード残留か移籍か——マン・ユナイテッドの去就に迫る最新動向,united,2935,https://premier-blog.com/2026/08/30/%e3%83%a9%e3%83%83%e3%82%b7%e3%83%a5%e3%83%95%e3%82%a9%e3%83%bc%e3%83%89%e6%ae%8b%e7%95%99%e3%81%8b%e7%a7%bb%e7%b1%8d%e3%81%8b-%e3%83%9e%e3%83%b3%e3%83%bb%e3%83%a6%e3%83%8a%e3%82%a4/,2026-08-30T09:56:16,
2321,サッカーの背番号ジンクスと伝統：10番は「呪われた番号」か、それとも最高の栄誉か？,column,2935,https://premier-blog.com/2026/09/02/%e3%82%b5%e3%83%83%e3%82%ab%e3%83%bc%e3%81%ae%e8%83%8c%e7%95%aa%e5%8f%b7%e3%82%b8%e3%83%b3%e3%82%af%e3%82%b9%e3%81%a8%e4%bc%9d%e7%b5%b1%ef%bc%9a10%e7%95%aa%e3%81%af%e3%80%8c%e5%91%aa%e3%82%8f%e3%82%8c/,2026-09-02T09:37:36,
2471,リバプール関連の移籍最新情報：カーティス・ジョーンズのインテル移籍背景とフロント3の新戦力補強を総点検,transfers,2937,https://premier-blog.com/2026/09/08/%e3%83%aa%e3%83%90%e3%83%97%e3%83%bc%e3%83%ab%e9%96%a2%e9%80%a3%e3%81%ae%e7%a7%bb%e7%b1%8d%e6%9c%80%e6%96%b0%e6%83%85%e5%a0%b1%ef%bc%9a%e3%82%ab%e3%83%bc%e3%83%86%e3%82%a3%e3%82%b9%e3%83%bb%e3%82%b8/,2026-09-08T11:03:08,
878,ノイアー40歳、引退撤回でW杯へ——ドイツ代表の次世代GK候補は誰か,europe,2942,https://premier-blog.com/2026/07/05/%e3%83%8e%e3%82%a4%e3%82%a2%e3%83%bc40%e6%ad%b3%e3%80%81%e5%bc%95%e9%80%80%e6%92%a4%e5%9b%9e%e3%81%a7w%e6%9d%af%e3%81%b8-%e3%83%89%e3%82%a4%e3%83%84%e4%bb%a3%e8%a1%a8%e3%81%ae/,2026-07-05T09:23:39,
1130,コベントリー、アイントラハト・フランクフルトからアメンダを1700万ポンド超で獲得,europe,2942,https://premier-blog.com/2026/07/17/%e3%82%b3%e3%83%99%e3%83%b3%e3%83%88%e3%83%aa%e3%83%bc%e3%80%81%e3%82%a2%e3%82%a4%e3%83%b3%e3%83%88%e3%83%a9%e3%83%8f%e3%83%88%e3%83%bb%e3%83%95%e3%83%a9%e3%83%b3%e3%82%af%e3%83%95%e3%83%ab%e3%83%88/,2026-07-17T10:38:06,
2459,エデルソン、マン・ユナイテッドとの3500万ポンド合意破綻の真相を語る,united,2946,https://premier-blog.com/2026/09/08/%e3%82%a8%e3%83%87%e3%83%ab%e3%82%bd%e3%83%b3%e3%80%81%e3%83%9e%e3%83%b3%e3%83%bb%e3%83%a6%e3%83%8a%e3%82%a4%e3%83%86%e3%83%83%e3%83%89%e3%81%a8%e3%81%ae3500%e4%b8%87%e3%83%9d%e3%83%b3%e3%83%89/,2026-09-08T11:03:17,
2624,15歳のJJ・ガブリエル、マン・ユナイテッドを去るのか？クラブ存亡の育成危機,united,2953,https://premier-blog.com/2026/09/16/15%e6%ad%b3%e3%81%aejj%e3%83%bb%e3%82%ac%e3%83%96%e3%83%aa%e3%82%a8%e3%83%ab%e3%80%81%e3%83%9e%e3%83%b3%e3%83%bb%e3%83%a6%e3%83%8a%e3%82%a4%e3%83%86%e3%83%83%e3%83%89%e3%82%92%e5%8e%bb%e3%82%8b/,2026-09-16T09:11:42,
1075,カマビンガ、マドリー残留優先も放出容認か――ユナイテッドとリバプールはテュラムへ,europe,2960,https://premier-blog.com/2026/07/16/%e3%82%ab%e3%83%9e%e3%83%93%e3%83%b3%e3%82%ac%e3%80%81%e3%83%9e%e3%83%89%e3%83%aa%e3%83%bc%e6%ae%8b%e7%95%99%e5%84%aa%e5%85%88%e3%82%82%e6%94%be%e5%87%ba%e5%ae%b9%e8%aa%8d%e3%81%8b%e2%80%95%e2%80%95/,2026-07-16T13:20:06,
553,デ・リフト、腰の手術で2026年W杯出場不可能に――マン・ユナイテッドの守備の要が大会を欠場,united,2965,https://premier-blog.com/2026/06/21/%e3%83%87%e3%83%bb%e3%83%aa%e3%83%95%e3%83%88%e3%80%81%e8%85%b0%e3%81%ae%e6%89%8b%e8%a1%93%e3%81%a72026%e5%b9%b4w%e6%9d%af%e5%87%ba%e5%a0%b4%e4%b8%8d%e5%8f%af%e8%83%bd%e3%81%ab%e2%80%95%e2%80%95/,2026-06-21T09:42:07,
2495,デミロヴィッチ、12分間のCL3得点でシュトゥットガルトに悩ましい起用問題,europe,2966,https://premier-blog.com/2026/09/10/%e3%83%87%e3%83%9f%e3%83%ad%e3%83%b4%e3%82%a3%e3%83%83%e3%83%81%e3%80%8112%e5%88%86%e9%96%93%e3%81%aecl3%e5%be%97%e7%82%b9%e3%81%a7%e3%82%b7%e3%83%a5%e3%83%88%e3%82%a5%e3%83%83%e3%83%88%e3%82%ac/,2026-09-10T09:27:48,
565,トッテナム、トナーリ獲得へ8000万ポンド入札もニューカッスルが拒否——マンCも争奪参戦,transfers,2967,https://premier-blog.com/2026/06/22/%e3%83%88%e3%83%83%e3%83%86%e3%83%8a%e3%83%a0%e3%80%81%e3%83%88%e3%83%8a%e3%83%bc%e3%83%aa%e7%8d%b2%e5%be%97%e3%81%b88000%e4%b8%87%e3%83%9d%e3%83%b3%e3%83%89%e5%85%a5%e6%9c%ad%e3%82%82%e3%83%8b/,2026-06-22T10:29:13,
813,チェルシー、ジョシュ・アチャンポンを「売却禁止」宣言――ユナイテッドの獲得計画が頓挫,united,2968,https://premier-blog.com/2026/07/02/%e3%83%81%e3%82%a7%e3%83%ab%e3%82%b7%e3%83%bc%e3%80%81%e3%82%b8%e3%83%a7%e3%82%b7%e3%83%a5%e3%83%bb%e3%82%a2%e3%83%81%e3%83%a3%e3%83%b3%e3%83%9d%e3%83%b3%e3%82%92%e3%80%8c%e5%a3%b2%e5%8d%b4%e7%a6%81/,2026-07-02T09:00:39,
1229,コモ会長が£68m設定で警告！バトゥリナ獲得競争にユナイテッド・スパーズ・ヴィラが参戦,united,2968,https://premier-blog.com/2026/07/22/%e3%82%b3%e3%83%a2%e4%bc%9a%e9%95%b7%e3%81%8c68m%e8%a8%ad%e5%ae%9a%e3%81%a7%e8%ad%a6%e5%91%8a%ef%bc%81%e3%83%90%e3%83%88%e3%82%a5%e3%83%aa%e3%83%8a%e7%8d%b2%e5%be%97%e7%ab%b6%e4%ba%89%e3%81%ab/,2026-07-22T00:51:17,
1379,ジェイドン・サンチョにボルシア・ドルトムントが移籍提案——マン・ユナイテッド復帰後の行方,transfers,2974,https://premier-blog.com/2026/07/27/%e3%82%b8%e3%82%a7%e3%82%a4%e3%83%89%e3%83%b3%e3%83%bb%e3%82%b5%e3%83%b3%e3%83%81%e3%83%a7%e3%81%ab%e3%83%9c%e3%83%ab%e3%82%b7%e3%82%a2%e3%83%bb%e3%83%89%e3%83%ab%e3%83%88%e3%83%a0%e3%83%b3%e3%83%88/,2026-07-27T09:10:51,
1157,ニコ・ゴンサレス買取条件が焦点——ユベントスとアトレティコ、3200万ユーロの攻防,europe,2980,https://premier-blog.com/2026/07/18/%e3%83%8b%e3%82%b3%e3%83%bb%e3%82%b4%e3%83%b3%e3%82%b5%e3%83%ac%e3%82%b9%e8%b2%b7%e5%8f%96%e6%9d%a1%e4%bb%b6%e3%81%8c%e7%84%a6%e7%82%b9-%e3%83%a6%e3%83%99%e3%83%b3%e3%83%88%e3%82%b9/,2026-07-18T09:16:46,
1603,ラッシュフォード、マンUに4000万ポンドの秘密放出条項―バルサ離脱後にPL復帰へ,united,2985,https://premier-blog.com/2026/08/05/%e3%83%a9%e3%83%83%e3%82%b7%e3%83%a5%e3%83%95%e3%82%a9%e3%83%bc%e3%83%89%e3%80%81%e3%83%9e%e3%83%b3u%e3%81%ab4000%e4%b8%87%e3%83%9d%e3%83%b3%e3%83%89%e3%81%ae%e7%a7%98%e5%af%86%e6%94%be%e5%87%ba/,2026-08-05T09:49:35,
1714,ロナウド・アラウホ、リバプールへのローン移籍が合意——ファブリツィオ・ロマーノが&#8221;Here We Go&#8221;,europe,2988,https://premier-blog.com/2026/08/08/%e3%83%ad%e3%83%8a%e3%82%a6%e3%83%89%e3%83%bb%e3%82%a2%e3%83%a9%e3%82%a6%e3%83%9b%e3%80%81%e3%83%aa%e3%83%90%e3%83%97%e3%83%bc%e3%83%ab%e3%81%b8%e3%81%ae%e3%83%ad%e3%83%bc%e3%83%b3%e7%a7%bb%e7%b1%8d/,2026-08-08T09:43:11,
2423,ネビルがユナイテッドの選手を激しく批判——エバートン戦ドローの衝撃,united,2988,https://premier-blog.com/2026/09/07/%e3%83%8d%e3%83%93%e3%83%ab%e3%81%8c%e3%83%a6%e3%83%8a%e3%82%a4%e3%83%86%e3%83%83%e3%83%89%e3%81%ae%e9%81%b8%e6%89%8b%e3%82%92%e6%bf%80%e3%81%97%e3%81%8f%e6%89%b9%e5%88%a4-%e3%82%a8/,2026-09-07T08:58:12,
1899,ガラタサライがブルーノ・フェルナンデスに約60億円のオファー、マンUは売却か契約延長かの岐路,transfers,2991,https://premier-blog.com/2026/08/18/%e3%82%ac%e3%83%a9%e3%82%bf%e3%82%b5%e3%83%a9%e3%82%a4%e3%81%8c%e3%83%96%e3%83%ab%e3%83%bc%e3%83%8e%e3%83%bb%e3%83%95%e3%82%a7%e3%83%ab%e3%83%8a%e3%83%b3%e3%83%87%e3%82%b9%e3%81%ab%e7%b4%8460%e5%84%84/,2026-08-18T09:23:26,
2260,マテウスとソロートがユナイテッド加入浮上——FWポジション争奪戦の最新情報,united,2996,https://premier-blog.com/2026/08/31/%e3%83%9e%e3%83%86%e3%82%a6%e3%82%b9%e3%81%a8%e3%82%bd%e3%83%ad%e3%83%bc%e3%83%88%e3%81%8c%e3%83%a6%e3%83%8a%e3%82%a4%e3%83%86%e3%83%83%e3%83%89%e5%8a%a0%e5%85%a5%e6%b5%ae%e4%b8%8a-fw/,2026-08-31T12:55:34,
1546,ジョヴァンニ・レイナ、ボルシアMGからRCストラスブールへ移籍合意——BlueCo傘下入り,transfers,3012,https://premier-blog.com/2026/08/03/%e3%82%b8%e3%83%a7%e3%83%b4%e3%82%a1%e3%83%b3%e3%83%8b%e3%83%bb%e3%83%ac%e3%82%a4%e3%83%8a%e3%80%81%e3%83%9c%e3%83%ab%e3%82%b7%e3%82%a2mg%e3%81%8b%e3%82%89rc%e3%82%b9%e3%83%88%e3%83%a9%e3%82%b9/,2026-08-03T09:49:44,
2229,オフサイドルールはなぜ変わり続けるのか？160年の変遷を年代別に総まとめ,column,3013,https://premier-blog.com/2026/08/30/%e3%82%aa%e3%83%95%e3%82%b5%e3%82%a4%e3%83%89%e3%83%ab%e3%83%bc%e3%83%ab%e3%81%af%e3%81%aa%e3%81%9c%e5%a4%89%e3%82%8f%e3%82%8a%e7%b6%9a%e3%81%91%e3%82%8b%e3%81%ae%e3%81%8b%ef%bc%9f160%e5%b9%b4/,2026-08-30T09:55:58,
1525,ミカ・ゴーツ（21歳）にPSGとマンUが獲得競争、アヤックスとの交渉開始,transfers,3015,https://premier-blog.com/2026/08/01/%e3%83%9f%e3%82%ab%e3%83%bb%e3%82%b4%e3%83%bc%e3%83%84%ef%bc%8821%e6%ad%b3%ef%bc%89%e3%81%abpsg%e3%81%a8%e3%83%9e%e3%83%b3u%e3%81%8c%e7%8d%b2%e5%be%97%e7%ab%b6%e4%ba%89%e3%80%81%e3%82%a2%e3%83%a4/,2026-08-01T13:11:47,
2175,ユナイテッド、トシン・アダラビオヨ獲得打診＆ルイス・ホール移籍最新情報,united,3015,https://premier-blog.com/2026/08/29/%e3%83%a6%e3%83%8a%e3%82%a4%e3%83%86%e3%83%83%e3%83%89%e3%80%81%e3%83%88%e3%82%b7%e3%83%b3%e3%83%bb%e3%82%a2%e3%83%80%e3%83%a9%e3%83%93%e3%82%aa%e3%83%a8%e7%8d%b2%e5%be%97%e6%89%93%e8%a8%ba%ef%bc%86/,2026-08-29T09:27:10,
1479,ラッシュフォード、バルセロナ残留か？マン・ユナイテッド復帰を巡りキャリック監督がメッセージ,united,3035,https://premier-blog.com/2026/07/31/%e3%83%a9%e3%83%83%e3%82%b7%e3%83%a5%e3%83%95%e3%82%a9%e3%83%bc%e3%83%89%e3%80%81%e3%83%90%e3%83%ab%e3%82%bb%e3%83%ad%e3%83%8a%e6%ae%8b%e7%95%99%e3%81%8b%ef%bc%9f%e3%83%9e%e3%83%b3%e3%83%bb%e3%83%a6/,2026-07-31T15:48:06,
692,エリオット・アンダーソン、マンチェスター・シティへ移籍合意　移籍金£1億1600万でイングランド最高額更新へ,transfers,3041,https://premier-blog.com/2026/06/26/%e3%82%a8%e3%83%aa%e3%82%aa%e3%83%83%e3%83%88%e3%83%bb%e3%82%a2%e3%83%b3%e3%83%80%e3%83%bc%e3%82%bd%e3%83%b3%e3%80%81%e3%83%9e%e3%83%b3%e3%83%81%e3%82%a7%e3%82%b9%e3%82%bf%e3%83%bc%e3%83%bb%e3%82%b7/,2026-06-26T09:02:17,
1532,マテウス・フェルナンデス、ユナイテッドを蹴ってスパーズを選んだ3つの理由と移籍金約85億円の全貌,united,3043,https://premier-blog.com/2026/08/03/%e3%83%9e%e3%83%86%e3%82%a6%e3%82%b9%e3%83%bb%e3%83%95%e3%82%a7%e3%83%ab%e3%83%8a%e3%83%b3%e3%83%87%e3%82%b9%e3%80%81%e3%83%a6%e3%83%8a%e3%82%a4%e3%83%86%e3%83%83%e3%83%89%e3%82%92%e8%b9%b4%e3%81%a3/,2026-08-03T09:49:52,
2036,マイケル・キャリック体制のマンUに闘志は宿るか――クロークパーク激闘の舞台裏,united,3044,https://premier-blog.com/2026/08/23/%e3%83%9e%e3%82%a4%e3%82%b1%e3%83%ab%e3%83%bb%e3%82%ad%e3%83%a3%e3%83%aa%e3%83%83%e3%82%af%e4%bd%93%e5%88%b6%e3%81%ae%e3%83%9e%e3%83%b3u%e3%81%ab%e9%97%98%e5%bf%97%e3%81%af%e5%ae%bf%e3%82%8b%e3%81%8b/,2026-08-23T09:15:22,
1998,マンチェスター・ユナイテッドがホルヘ・サリナスに関心か——左サイドバック補強の最新情報,united,3045,https://premier-blog.com/2026/08/22/%e3%83%9e%e3%83%b3%e3%83%81%e3%82%a7%e3%82%b9%e3%82%bf%e3%83%bc%e3%83%bb%e3%83%a6%e3%83%8a%e3%82%a4%e3%83%86%e3%83%83%e3%83%89%e3%81%8c%e3%83%9b%e3%83%ab%e3%83%98%e3%83%bb%e3%82%b5%e3%83%aa%e3%83%8a/,2026-08-22T10:51:17,
2208,マンUのアマド・ディアロとメイソン・マウント、イプスウィッチ戦最新怪我情報,united,3051,https://premier-blog.com/2026/08/30/%e3%83%9e%e3%83%b3u%e3%81%ae%e3%82%a2%e3%83%9e%e3%83%89%e3%83%bb%e3%83%87%e3%82%a3%e3%82%a2%e3%83%ad%e3%81%a8%e3%83%a1%e3%82%a4%e3%82%bd%e3%83%b3%e3%83%bb%e3%83%9e%e3%82%a6%e3%83%b3%e3%83%88%e3%80%81/,2026-08-30T09:56:12,
2388,キャリック監督、マンチェスター・ユナイテッドの移籍戦略と財政に言及,united,3055,https://premier-blog.com/2026/09/05/%e3%82%ad%e3%83%a3%e3%83%aa%e3%83%83%e3%82%af%e7%9b%a3%e7%9d%a3%e3%80%81%e3%83%9e%e3%83%b3%e3%83%81%e3%82%a7%e3%82%b9%e3%82%bf%e3%83%bc%e3%83%bb%e3%83%a6%e3%83%8a%e3%82%a4%e3%83%86%e3%83%83%e3%83%89/,2026-09-05T09:09:12,
1443,ジョン・ストーンズ、インター・ミラノ移籍が秒読み―木曜日に健康診断と契約署名へ,transfers,3057,https://premier-blog.com/2026/07/29/%e3%82%b8%e3%83%a7%e3%83%b3%e3%83%bb%e3%82%b9%e3%83%88%e3%83%bc%e3%83%b3%e3%82%ba%e3%80%81%e3%82%a4%e3%83%b3%e3%82%bf%e3%83%bc%e3%83%bb%e3%83%9f%e3%83%a9%e3%83%8e%e7%a7%bb%e7%b1%8d%e3%81%8c%e7%a7%92/,2026-07-29T13:45:34,
1669,マンチェスター・ユナイテッド、PSGのイブラヒム・ムバイェ獲得に向けリバプールの交渉を横取り,united,3058,https://premier-blog.com/2026/08/07/%e3%83%9e%e3%83%b3%e3%83%81%e3%82%a7%e3%82%b9%e3%82%bf%e3%83%bc%e3%83%bb%e3%83%a6%e3%83%8a%e3%82%a4%e3%83%86%e3%83%83%e3%83%89%e3%80%81psg%e3%81%ae%e3%82%a4%e3%83%96%e3%83%a9%e3%83%92%e3%83%a0/,2026-08-07T10:22:00,
2343,ブライトン、プレミアリーグ開幕2連勝の衝撃——夏の移籍市場最終盤の動きも総点検,transfers,3059,https://premier-blog.com/2026/09/03/%e3%83%96%e3%83%a9%e3%82%a4%e3%83%88%e3%83%b3%e3%80%81%e3%83%97%e3%83%ac%e3%83%9f%e3%82%a2%e3%83%aa%e3%83%bc%e3%82%b0%e9%96%8b%e5%b9%952%e9%80%a3%e5%8b%9d%e3%81%ae%e8%a1%9d%e6%92%83/,2026-09-03T12:22:05,
983,マン・ユナイテッド、アーセナルと競合しヨルクレス獲得へアプローチ——夏の移籍市場で三つ巴の争奪戦勃発,united,3070,https://premier-blog.com/2026/07/11/%e3%83%9e%e3%83%b3%e3%83%bb%e3%83%a6%e3%83%8a%e3%82%a4%e3%83%86%e3%83%83%e3%83%89%e3%80%81%e3%82%a2%e3%83%bc%e3%82%bb%e3%83%8a%e3%83%ab%e3%81%a8%e7%ab%b6%e5%90%88%e3%81%97%e3%83%a8%e3%83%ab%e3%82%af/,2026-07-11T08:49:42,
1623,リヨン逆転突破へ正念場、ユニオン・サン＝ジロワーズvsボード/グリムトは3-3の激戦,column,3070,https://premier-blog.com/2026/08/05/%e3%83%aa%e3%83%a8%e3%83%b3%e9%80%86%e8%bb%a2%e7%aa%81%e7%a0%b4%e3%81%b8%e6%ad%a3%e5%bf%b5%e5%a0%b4%e3%80%81%e3%83%a6%e3%83%8b%e3%82%aa%e3%83%b3%e3%83%bb%e3%82%b5%e3%83%b3%ef%bc%9d%e3%82%b8%e3%83%ad/,2026-08-05T09:49:23,
2172,ブレントフォード vs トッテナム 戦術分析｜開幕節、大型補強のスパーズに衝撃の洗礼,match-reviews,3073,https://premier-blog.com/2026/08/28/%e3%83%96%e3%83%ac%e3%83%b3%e3%83%88%e3%83%95%e3%82%a9%e3%83%bc%e3%83%89-vs-%e3%83%88%e3%83%83%e3%83%86%e3%83%8a%e3%83%a0-%e6%88%a6%e8%a1%93%e5%88%86%e6%9e%90%ef%bd%9c%e9%96%8b%e5%b9%95%e7%af%80/,2026-08-28T09:24:33,
1032,ジェド・スペンス、ワールドカップ中にインター・ミラノ移籍候補に浮上——トッテナムからの売却交渉が本格化か,transfers,3076,https://premier-blog.com/2026/07/14/%e3%82%b8%e3%82%a7%e3%83%89%e3%83%bb%e3%82%b9%e3%83%9a%e3%83%b3%e3%82%b9%e3%80%81%e3%83%af%e3%83%bc%e3%83%ab%e3%83%89%e3%82%ab%e3%83%83%e3%83%97%e4%b8%ad%e3%81%ab%e3%82%a4%e3%83%b3%e3%82%bf%e3%83%bc/,2026-07-14T22:59:18,
2080,フラム vs チェルシー 戦術分析｜ハビ・アロンソ電撃就任初戦、攻撃爛漫の新体制が問いかけた守備の課題,match-reviews,3082,https://premier-blog.com/2026/08/25/%e3%83%95%e3%83%a9%e3%83%a0-vs-%e3%83%81%e3%82%a7%e3%83%ab%e3%82%b7%e3%83%bc-%e6%88%a6%e8%a1%93%e5%88%86%e6%9e%90%ef%bd%9c%e3%83%8f%e3%83%93%e3%83%bb%e3%82%a2%e3%83%ad%e3%83%b3%e3%82%bd%e9%9b%bb/,2026-08-25T09:02:28,
739,レバンドフスキ、37歳でMLSシカゴ・ファイアーに移籍／通算697ゴールの伝説が新天地へ,transfers,3084,https://premier-blog.com/2026/06/30/%e3%83%ac%e3%83%90%e3%83%b3%e3%83%89%e3%83%95%e3%82%b9%e3%82%ad%e3%80%8137%e6%ad%b3%e3%81%a7mls%e3%82%b7%e3%82%ab%e3%82%b4%e3%83%bb%e3%83%95%e3%82%a1%e3%82%a4%e3%82%a2%e3%83%bc%e3%81%ab%e7%a7%bb/,2026-06-30T08:58:16,
545,マテウス・フェルナンデス争奪戦：トッテナムが接触、Man Utdは£8000万ターゲットを£5000万で獲得狙う,united,3085,https://premier-blog.com/2026/06/21/%e3%83%9e%e3%83%86%e3%82%a6%e3%82%b9%e3%83%bb%e3%83%95%e3%82%a7%e3%83%ab%e3%83%8a%e3%83%b3%e3%83%87%e3%82%b9%e4%ba%89%e5%a5%aa%e6%88%a6%ef%bc%9a%e3%83%88%e3%83%83%e3%83%86%e3%83%8a%e3%83%a0%e3%81%8c/,2026-06-21T09:42:11,
1854,クリスティアン・ロメロ、アトレティコ・マドリード移籍が決定——5年契約でメディカル完了,transfers,3086,https://premier-blog.com/2026/08/15/%e3%82%af%e3%83%aa%e3%82%b9%e3%83%86%e3%82%a3%e3%82%a2%e3%83%b3%e3%83%bb%e3%83%ad%e3%83%a1%e3%83%ad%e3%80%81%e3%82%a2%e3%83%88%e3%83%ac%e3%83%86%e3%82%a3%e3%82%b3%e3%83%bb%e3%83%9e%e3%83%89%e3%83%aa/,2026-08-15T11:31:49,
2620,Leeds United vs Newcastle United 戦術分析｜ファルケ采配が輝いたエランド・ロードの第4節、ジャイスル体制に試練,match-reviews,3086,https://premier-blog.com/2026/09/15/leeds-united-vs-newcastle-united-%e6%88%a6%e8%a1%93%e5%88%86%e6%9e%90%ef%bd%9c%e3%83%95%e3%82%a1%e3%83%ab%e3%82%b1%e9%87%87%e9%85%8d%e3%81%8c%e8%bc%9d%e3%81%84%e3%81%9f%e3%82%a8%e3%83%a9%e3%83%b3/,2026-09-15T09:48:28,
1101,ピサSC、アスコリの21歳ウィンガー、シモーネ・ドゥッフィジ獲得に関心,column,3088,https://premier-blog.com/2026/07/16/%e3%83%94%e3%82%b5sc%e3%80%81%e3%82%a2%e3%82%b9%e3%82%b3%e3%83%aa%e3%81%ae21%e6%ad%b3%e3%82%a6%e3%82%a3%e3%83%b3%e3%82%ac%e3%83%bc%e3%80%81%e3%82%b7%e3%83%a2%e3%83%bc%e3%83%8d%e3%83%bb%e3%83%89/,2026-07-16T13:19:57,
1942,グリーンウッドの鮮烈弾！フェネルバフチェがリヨンと激闘を演じたCL予選プレーオフ1stレグ,column,3093,https://premier-blog.com/2026/08/20/%e3%82%b0%e3%83%aa%e3%83%bc%e3%83%b3%e3%82%a6%e3%83%83%e3%83%89%e3%81%ae%e9%ae%ae%e7%83%88%e5%bc%be%ef%bc%81%e3%83%95%e3%82%a7%e3%83%8d%e3%83%ab%e3%83%90%e3%83%95%e3%83%81%e3%82%a7%e3%81%8c%e3%83%aa/,2026-08-20T11:18:33,
1794,ヴィカリオとスズキ、ユベントスの守護神争奪戦——今週中に決着へ,europe,3098,https://premier-blog.com/2026/08/12/%e3%83%b4%e3%82%a3%e3%82%ab%e3%83%aa%e3%82%aa%e3%81%a8%e3%82%b9%e3%82%ba%e3%82%ad%e3%80%81%e3%83%a6%e3%83%99%e3%83%b3%e3%83%88%e3%82%b9%e3%81%ae%e5%ae%88%e8%ad%b7%e7%a5%9e%e4%ba%89%e5%a5%aa%e6%88%a6/,2026-08-12T10:13:41,
2490,ルーク・ショー、CLサバーク戦で欠場の可能性——マン・ユナイテッド左SBの怪我事情と層の薄さ,united,3100,https://premier-blog.com/2026/09/10/%e3%83%ab%e3%83%bc%e3%82%af%e3%83%bb%e3%82%b7%e3%83%a7%e3%83%bc%e3%80%81cl%e3%82%b5%e3%83%90%e3%83%bc%e3%82%af%e6%88%a6%e3%81%a7%e6%ac%a0%e5%a0%b4%e3%81%ae%e5%8f%af%e8%83%bd%e6%80%a7/,2026-09-10T09:27:50,
1288,リサンドロ・マルティネス、W杯決勝で負傷離脱——マンチェスター・ユナイテッドへの影響は,united,3101,https://premier-blog.com/2026/07/23/%e3%83%aa%e3%82%b5%e3%83%b3%e3%83%89%e3%83%ad%e3%83%bb%e3%83%9e%e3%83%ab%e3%83%86%e3%82%a3%e3%83%8d%e3%82%b9%e3%80%81w%e6%9d%af%e6%b1%ba%e5%8b%9d%e3%81%a7%e8%b2%a0%e5%82%b7%e9%9b%a2%e8%84%b1/,2026-07-23T17:32:04,
2552,マンチェスター・ユナイテッドがチケット転売調査で685アカウントを永久追放,united,3101,https://premier-blog.com/2026/09/12/%e3%83%9e%e3%83%b3%e3%83%81%e3%82%a7%e3%82%b9%e3%82%bf%e3%83%bc%e3%83%bb%e3%83%a6%e3%83%8a%e3%82%a4%e3%83%86%e3%83%83%e3%83%89%e3%81%8c%e3%83%81%e3%82%b1%e3%83%83%e3%83%88%e8%bb%a2%e5%a3%b2%e8%aa%bf/,2026-09-12T09:45:13,
1354,ヤン・ジオマンデ争奪戦：レアル・マドリードとPSGが一騎打ち、マンチェスター・シティは撤退,europe,3109,https://premier-blog.com/2026/07/26/%e3%83%a4%e3%83%b3%e3%83%bb%e3%82%b8%e3%82%aa%e3%83%9e%e3%83%b3%e3%83%87%e4%ba%89%e5%a5%aa%e6%88%a6%ef%bc%9a%e3%83%ac%e3%82%a2%e3%83%ab%e3%83%bb%e3%83%9e%e3%83%89%e3%83%aa%e3%83%bc%e3%83%89%e3%81%a8ps/,2026-07-26T11:06:56,
1324,チェルシー、グラニト・ジャカを£3400万で獲得へ——ハビ・アロンソの&#8221;盟友&#8221;を呼び寄せる,transfers,3112,https://premier-blog.com/2026/07/25/%e3%83%81%e3%82%a7%e3%83%ab%e3%82%b7%e3%83%bc%e3%80%81%e3%82%b0%e3%83%a9%e3%83%8b%e3%83%88%e3%83%bb%e3%82%b8%e3%83%a3%e3%82%ab%e3%82%923400%e4%b8%87%e3%81%a7%e7%8d%b2%e5%be%97%e3%81%b8/,2026-07-25T12:03:36,
772,トッテナムがマテウス・フェルナンデス移籍で85億円合意、マン・ユナイテッド獲得失敗か,united,3114,https://premier-blog.com/2026/07/01/%e3%83%88%e3%83%83%e3%83%86%e3%83%8a%e3%83%a0%e3%81%8c%e3%83%9e%e3%83%86%e3%82%a6%e3%82%b9%e3%83%bb%e3%83%95%e3%82%a7%e3%83%ab%e3%83%8a%e3%83%b3%e3%83%87%e3%82%b9%e7%a7%bb%e7%b1%8d%e3%81%a785%e5%84%84/,2026-07-01T09:43:07,
1415,ロドリ、マンチェスター・シティとの契約延長交渉中——レアル・マドリードのオファーに警戒,transfers,3115,https://premier-blog.com/2026/07/28/%e3%83%ad%e3%83%89%e3%83%aa%e3%80%81%e3%83%9e%e3%83%b3%e3%83%81%e3%82%a7%e3%82%b9%e3%82%bf%e3%83%bc%e3%83%bb%e3%82%b7%e3%83%86%e3%82%a3%e3%81%a8%e3%81%ae%e5%a5%91%e7%b4%84%e5%bb%b6%e9%95%b7%e4%ba%a4/,2026-07-28T08:31:14,
2101,ルーニーがキャリックに進言——マン・ユナイテッドの先発変更とルイス＝スケリー獲得を強く訴える,united,3115,https://premier-blog.com/2026/08/26/%e3%83%ab%e3%83%bc%e3%83%8b%e3%83%bc%e3%81%8c%e3%82%ad%e3%83%a3%e3%83%aa%e3%83%83%e3%82%af%e3%81%ab%e9%80%b2%e8%a8%80-%e3%83%9e%e3%83%b3%e3%83%bb%e3%83%a6%e3%83%8a%e3%82%a4%e3%83%86/,2026-08-26T16:23:08,
2254,WMシステムから4-3-3まで——サッカー戦術フォーメーションの歴史、最大の転換点はどこか？,column,3119,https://premier-blog.com/2026/08/30/wm%e3%82%b7%e3%82%b9%e3%83%86%e3%83%a0%e3%81%8b%e3%82%894-3-3%e3%81%be%e3%81%a7-%e3%82%b5%e3%83%83%e3%82%ab%e3%83%bc%e6%88%a6%e8%a1%93%e3%83%95%e3%82%a9%e3%83%bc%e3%83%a1%e3%83%bc/,2026-08-30T09:55:43,
1345,メイソン・マウント、中盤の要として復権なるか——ユナイテッドの£8300万補強後の「隠し玉」,united,3122,https://premier-blog.com/2026/07/26/%e3%83%a1%e3%82%a4%e3%82%bd%e3%83%b3%e3%83%bb%e3%83%9e%e3%82%a6%e3%83%b3%e3%83%88%e3%80%81%e4%b8%ad%e7%9b%a4%e3%81%ae%e8%a6%81%e3%81%a8%e3%81%97%e3%81%a6%e5%be%a9%e6%a8%a9%e3%81%aa%e3%82%8b%e3%81%8b/,2026-07-26T11:06:59,
2368,ハリー・ケイン、ブンデスリーガ通算100ゴール目前——今季の到達は確実か,europe,3130,https://premier-blog.com/2026/09/04/%e3%83%8f%e3%83%aa%e3%83%bc%e3%83%bb%e3%82%b1%e3%82%a4%e3%83%b3%e3%80%81%e3%83%96%e3%83%b3%e3%83%87%e3%82%b9%e3%83%aa%e3%83%bc%e3%82%ac%e9%80%9a%e7%ae%97100%e3%82%b4%e3%83%bc%e3%83%ab%e7%9b%ae/,2026-09-04T12:02:29,
1266,センネ・ラメンス、ワールドカップでの痛恨ミス後に監督交代——マン・ユナイテッドの正GKに何が起きているのか,column,3131,https://premier-blog.com/2026/07/23/%e3%82%bb%e3%83%b3%e3%83%8d%e3%83%bb%e3%83%a9%e3%83%a1%e3%83%b3%e3%82%b9%e3%80%81%e3%83%af%e3%83%bc%e3%83%ab%e3%83%89%e3%82%ab%e3%83%83%e3%83%97%e3%81%a7%e3%81%ae%e7%97%9b%e6%81%a8%e3%83%9f%e3%82%b9/,2026-07-23T17:32:14,
1664,コビー・メイヌー、W杯で出場ゼロ分——トゥヘルの選択が問う若手の未来,column,3131,https://premier-blog.com/2026/08/06/%e3%82%b3%e3%83%93%e3%83%bc%e3%83%bb%e3%83%a1%e3%82%a4%e3%83%8c%e3%83%bc%e3%80%81w%e6%9d%af%e3%81%a7%e5%87%ba%e5%a0%b4%e3%82%bc%e3%83%ad%e5%88%86-%e3%83%88%e3%82%a5%e3%83%98%e3%83%ab/,2026-08-06T10:08:17,
809,メイソン・マウント復活でW杯争いへ、マン・ユナイテッド主要選手の運命,united,3132,https://premier-blog.com/2026/07/01/%e3%83%a1%e3%82%a4%e3%82%bd%e3%83%b3%e3%83%bb%e3%83%9e%e3%82%a6%e3%83%b3%e3%83%88%e5%be%a9%e6%b4%bb%e3%81%a7w%e6%9d%af%e4%ba%89%e3%81%84%e3%81%b8%e3%80%81%e3%83%9e%e3%83%b3%e3%83%bb%e3%83%a6%e3%83%8a/,2026-07-01T09:42:45,
826,スコールズ激白：ライス外しの3理由、W杯コンゴ戦でアンダーソン先発を主張,united,3141,https://premier-blog.com/2026/07/03/%e3%82%b9%e3%82%b3%e3%83%bc%e3%83%ab%e3%82%ba%e6%bf%80%e7%99%bd%ef%bc%9a%e3%83%a9%e3%82%a4%e3%82%b9%e5%a4%96%e3%81%97%e3%81%ae3%e7%90%86%e7%94%b1%e3%80%81w%e6%9d%af%e3%82%b3%e3%83%b3%e3%82%b4%e6%88%a6/,2026-07-03T13:56:50,
2463,ネビルが名指し批判、ユナイテッドの守備崩壊を招いた3選手とは,united,3141,https://premier-blog.com/2026/09/08/%e3%83%8d%e3%83%93%e3%83%ab%e3%81%8c%e5%90%8d%e6%8c%87%e3%81%97%e6%89%b9%e5%88%a4%e3%80%81%e3%83%a6%e3%83%8a%e3%82%a4%e3%83%86%e3%83%83%e3%83%89%e3%81%ae%e5%ae%88%e5%82%99%e5%b4%a9%e5%a3%8a%e3%82%92/,2026-09-08T11:03:15,
860,ACミラン、マリオ・ヒラ獲得に3000万ユーロ提示――週明けにも合意成立か,column,3142,https://premier-blog.com/2026/07/04/ac%e3%83%9f%e3%83%a9%e3%83%b3%e3%80%81%e3%83%9e%e3%83%aa%e3%82%aa%e3%83%bb%e3%83%92%e3%83%a9%e7%8d%b2%e5%be%97%e3%81%ab3000%e4%b8%87%e3%83%a6%e3%83%bc%e3%83%ad%e6%8f%90%e7%a4%ba%e2%80%95%e2%80%95/,2026-07-04T10:33:28,
846,サマービル争奪戦にフラムも参戦——チェルシー・マン・ユナイテッドと3クラブ競合,united,3148,https://premier-blog.com/2026/07/04/%e3%82%b5%e3%83%9e%e3%83%bc%e3%83%93%e3%83%ab%e4%ba%89%e5%a5%aa%e6%88%a6%e3%81%ab%e3%83%95%e3%83%a9%e3%83%a0%e3%82%82%e5%8f%82%e6%88%a6-%e3%83%81%e3%82%a7%e3%83%ab%e3%82%b7%e3%83%bc/,2026-07-04T10:33:35,
2560,バレンシア、セビージャ戦でも無得点敗戦——コルベランの去就に暗雲,column,3150,https://premier-blog.com/2026/09/12/%e3%83%90%e3%83%ac%e3%83%b3%e3%82%b7%e3%82%a2%e3%80%81%e3%82%bb%e3%83%93%e3%83%bc%e3%82%b8%e3%83%a3%e6%88%a6%e3%81%a7%e3%82%82%e7%84%a1%e5%be%97%e7%82%b9%e6%95%97%e6%88%a6-%e3%82%b3/,2026-09-12T09:45:11,
1561,バイエル・レバークーゼン、ケリム・アライベゴヴィッチのユヴェントス移籍を確認――総額最大4000万ユーロ,europe,3155,https://premier-blog.com/2026/08/03/%e3%83%90%e3%82%a4%e3%82%a8%e3%83%ab%e3%83%bb%e3%83%ac%e3%83%90%e3%83%bc%e3%82%af%e3%83%bc%e3%82%bc%e3%83%b3%e3%80%81%e3%82%b1%e3%83%aa%e3%83%a0%e3%83%bb%e3%82%a2%e3%83%a9%e3%82%a4%e3%83%99%e3%82%b4/,2026-08-03T09:49:37,
2055,マンチェスター・ユナイテッド若手MFデヴァニー、ハイバーニアンへローン移籍が決定,united,3155,https://premier-blog.com/2026/08/24/%e3%83%9e%e3%83%b3%e3%83%81%e3%82%a7%e3%82%b9%e3%82%bf%e3%83%bc%e3%83%bb%e3%83%a6%e3%83%8a%e3%82%a4%e3%83%86%e3%83%83%e3%83%89%e8%8b%a5%e6%89%8bmf%e3%83%87%e3%83%b4%e3%82%a1%e3%83%8b%e3%83%bc%e3%80%81/,2026-08-24T09:03:45,
2290,マンチェスター・シティ、エンツォ・フェルナンデス獲得に向けた動き継続も難航,transfers,3160,https://premier-blog.com/2026/09/01/%e3%83%9e%e3%83%b3%e3%83%81%e3%82%a7%e3%82%b9%e3%82%bf%e3%83%bc%e3%83%bb%e3%82%b7%e3%83%86%e3%82%a3%e3%80%81%e3%82%a8%e3%83%b3%e3%83%84%e3%82%a9%e3%83%bb%e3%83%95%e3%82%a7%e3%83%ab%e3%83%8a%e3%83%b3/,2026-09-01T10:07:23,
2433,エバートン対マンU、衝撃の引き分け後もモイーズ監督が語る「ファンの怒りは消えない」,united,3166,https://premier-blog.com/2026/09/07/%e3%82%a8%e3%83%90%e3%83%bc%e3%83%88%e3%83%b3%e5%af%be%e3%83%9e%e3%83%b3u%e3%80%81%e8%a1%9d%e6%92%83%e3%81%ae%e5%bc%95%e3%81%8d%e5%88%86%e3%81%91%e5%be%8c%e3%82%82%e3%83%a2%e3%82%a4%e3%83%bc%e3%82%ba/,2026-09-07T08:58:06,
1411,チェルシー、ダニー・ウェルベックをブライトンから緊急獲得へ交渉中,united,3167,https://premier-blog.com/2026/07/28/%e3%83%81%e3%82%a7%e3%83%ab%e3%82%b7%e3%83%bc%e3%80%81%e3%83%80%e3%83%8b%e3%83%bc%e3%83%bb%e3%82%a6%e3%82%a7%e3%83%ab%e3%83%99%e3%83%83%e3%82%af%e3%82%92%e3%83%96%e3%83%a9%e3%82%a4%e3%83%88%e3%83%b3/,2026-07-28T08:31:17,
2273,トッテナムがチェルシーのムドリク獲得へ交渉開始、デッドラインデー前日に急展開,united,3167,https://premier-blog.com/2026/09/01/%e3%83%88%e3%83%83%e3%83%86%e3%83%8a%e3%83%a0%e3%81%8c%e3%83%81%e3%82%a7%e3%83%ab%e3%82%b7%e3%83%bc%e3%81%ae%e3%83%a0%e3%83%89%e3%83%aa%e3%82%af%e7%8d%b2%e5%be%97%e3%81%b8%e4%ba%a4%e6%b8%89%e9%96%8b/,2026-09-01T10:07:30,
873,バイエルンのオリーズ、W杯5アシストで世界最高峰へ　24歳フランス代表の素顔,europe,3174,https://premier-blog.com/2026/07/05/%e3%83%90%e3%82%a4%e3%82%a8%e3%83%ab%e3%83%b3%e3%81%ae%e3%82%aa%e3%83%aa%e3%83%bc%e3%82%ba%e3%80%81w%e6%9d%af5%e3%82%a2%e3%82%b7%e3%82%b9%e3%83%88%e3%81%a7%e4%b8%96%e7%95%8c%e6%9c%80%e9%ab%98%e5%b3%b0/,2026-07-05T09:23:40,
1959,バンバ・ディエン、ラツィオ医療検査へ——フリーのセネガル代表FWが来伊,column,3175,https://premier-blog.com/2026/08/20/%e3%83%90%e3%83%b3%e3%83%90%e3%83%bb%e3%83%87%e3%82%a3%e3%82%a8%e3%83%b3%e3%80%81%e3%83%a9%e3%83%84%e3%82%a3%e3%82%aa%e5%8c%bb%e7%99%82%e6%a4%9c%e6%9f%bb%e3%81%b8-%e3%83%95%e3%83%aa/,2026-08-20T11:18:25,
1814,チェルシーがガルナチョ獲得後、マン・ユナイテッドが狙う£80m選手にアプローチか,united,3176,https://premier-blog.com/2026/08/13/%e3%83%81%e3%82%a7%e3%83%ab%e3%82%b7%e3%83%bc%e3%81%8c%e3%82%ac%e3%83%ab%e3%83%8a%e3%83%81%e3%83%a7%e7%8d%b2%e5%be%97%e5%be%8c%e3%80%81%e3%83%9e%e3%83%b3%e3%83%bb%e3%83%a6%e3%83%8a%e3%82%a4%e3%83%86/,2026-08-13T09:20:09,
2293,エル・クラシコからジョロフ・ダービーまで——世界サッカーを彩る名物ダービーマッチは何カード？,column,3181,https://premier-blog.com/2026/09/01/%e3%82%a8%e3%83%ab%e3%83%bb%e3%82%af%e3%83%a9%e3%82%b7%e3%82%b3%e3%81%8b%e3%82%89%e3%82%b8%e3%83%a7%e3%83%ad%e3%83%95%e3%83%bb%e3%83%80%e3%83%bc%e3%83%93%e3%83%bc%e3%81%be%e3%81%a7/,2026-09-01T10:07:21,
977,マンチェスター・ユナイテッド、エデルソン移籍破談か——£3500万の取引に暗雲,united,3184,https://premier-blog.com/2026/07/11/%e3%83%9e%e3%83%b3%e3%83%81%e3%82%a7%e3%82%b9%e3%82%bf%e3%83%bc%e3%83%bb%e3%83%a6%e3%83%8a%e3%82%a4%e3%83%86%e3%83%83%e3%83%89%e3%80%81%e3%82%a8%e3%83%87%e3%83%ab%e3%82%bd%e3%83%b3%e7%a7%bb%e7%b1%8d/,2026-07-11T08:49:48,
1359,インテル、クリスティアン・ロメロ獲得に正式関心表明——バルセロナとの争奪戦へ,transfers,3186,https://premier-blog.com/2026/07/26/%e3%82%a4%e3%83%b3%e3%83%86%e3%83%ab%e3%80%81%e3%82%af%e3%83%aa%e3%82%b9%e3%83%86%e3%82%a3%e3%82%a2%e3%83%b3%e3%83%bb%e3%83%ad%e3%83%a1%e3%83%ad%e7%8d%b2%e5%be%97%e3%81%ab%e6%ad%a3%e5%bc%8f%e9%96%a2/,2026-07-26T11:06:54,
2169,プレミアリーグ昇格クラブの残留成功率データ：直近2シーズン連続で3チーム全滅の衝撃,data,3191,https://premier-blog.com/2026/08/28/%e3%83%97%e3%83%ac%e3%83%9f%e3%82%a2%e3%83%aa%e3%83%bc%e3%82%b0%e6%98%87%e6%a0%bc%e3%82%af%e3%83%a9%e3%83%96%e3%81%ae%e6%ae%8b%e7%95%99%e6%88%90%e5%8a%9f%e7%8e%87%e3%83%87%e3%83%bc%e3%82%bf%ef%bc%9a/,2026-08-28T09:24:35,
548,マテウス・フェルナンデス移籍争奪戦：マン・ユナイテッドが8000万ポンドでアーセナル・レアルを抑えリード,united,3194,https://premier-blog.com/2026/06/21/%e3%83%9e%e3%83%86%e3%82%a6%e3%82%b9%e3%83%bb%e3%83%95%e3%82%a7%e3%83%ab%e3%83%8a%e3%83%b3%e3%83%87%e3%82%b9%e7%a7%bb%e7%b1%8d%e4%ba%89%e5%a5%aa%e6%88%a6%ef%bc%9a%e3%83%9e%e3%83%b3%e3%83%bb%e3%83%a6-2/,2026-06-21T09:42:09,
2538,マンチェスター・ユナイテッド vs サバーFK 戦術分析｜CLリーグフェーズ第1節・1003日ぶりの欧州最高峰舞台でキャリックが見せた采配の妙,match-reviews,3203,https://premier-blog.com/2026/09/11/%e3%83%9e%e3%83%b3%e3%83%81%e3%82%a7%e3%82%b9%e3%82%bf%e3%83%bc%e3%83%bb%e3%83%a6%e3%83%8a%e3%82%a4%e3%83%86%e3%83%83%e3%83%89-vs-%e3%82%b5%e3%83%90%e3%83%bcfk-%e6%88%a6%e8%a1%93%e5%88%86%e6%9e%90/,2026-09-11T10:18:57,
2003,ジョシュア・ジルクゼー、マン・ユナイテッド退団に現実味――アストン・ビラも争奪戦に参戦か,united,3204,https://premier-blog.com/2026/08/22/%e3%82%b8%e3%83%a7%e3%82%b7%e3%83%a5%e3%82%a2%e3%83%bb%e3%82%b8%e3%83%ab%e3%82%af%e3%82%bc%e3%83%bc%e3%80%81%e3%83%9e%e3%83%b3%e3%83%bb%e3%83%a6%e3%83%8a%e3%82%a4%e3%83%86%e3%83%83%e3%83%89%e9%80%80/,2026-08-22T10:51:15,
798,RBライプツィヒがヤン・ディオマンデの去就を明確化、€130mを要求しリバプールの€100m入札を拒否,column,3205,https://premier-blog.com/2026/07/01/rb%e3%83%a9%e3%82%a4%e3%83%97%e3%83%84%e3%82%a3%e3%83%92%e3%81%8c%e3%83%a4%e3%83%b3%e3%83%bb%e3%83%87%e3%82%a3%e3%82%aa%e3%83%9e%e3%83%b3%e3%83%87%e3%81%ae%e5%8e%bb%e5%b0%b1%e3%82%92%e6%98%8e%e7%a2%ba/,2026-07-01T09:42:53,
1608,リバプールがクアンサー放出拒否？バイエル・レバークーゼンが獲得交渉開始,europe,3208,https://premier-blog.com/2026/08/05/%e3%83%aa%e3%83%90%e3%83%97%e3%83%bc%e3%83%ab%e3%81%8c%e3%82%af%e3%82%a2%e3%83%b3%e3%82%b5%e3%83%bc%e6%94%be%e5%87%ba%e6%8b%92%e5%90%a6%ef%bc%9f%e3%83%90%e3%82%a4%e3%82%a8%e3%83%ab%e3%83%bb%e3%83%ac/,2026-08-05T09:49:32,
2603,ハーランドがマンチェスター・ダービーを決定。カラガーがアーセナルに言及,united,3215,https://premier-blog.com/2026/09/15/%e3%83%8f%e3%83%bc%e3%83%a9%e3%83%b3%e3%83%89%e3%81%8c%e3%83%9e%e3%83%b3%e3%83%81%e3%82%a7%e3%82%b9%e3%82%bf%e3%83%bc%e3%83%bb%e3%83%80%e3%83%bc%e3%83%93%e3%83%bc%e3%82%92%e6%b1%ba%e5%ae%9a%e3%80%82/,2026-09-15T09:42:33,
1618,トッテナム、サビーニョ獲得交渉中もシティが難色——代替候補にペドロ・ネトの名,transfers,3216,https://premier-blog.com/2026/08/05/%e3%83%88%e3%83%83%e3%83%86%e3%83%8a%e3%83%a0%e3%80%81%e3%82%b5%e3%83%93%e3%83%bc%e3%83%8b%e3%83%a7%e7%8d%b2%e5%be%97%e4%ba%a4%e6%b8%89%e4%b8%ad%e3%82%82%e3%82%b7%e3%83%86%e3%82%a3%e3%81%8c%e9%9b%a3/,2026-08-05T09:49:26,
2328,アントワーヌ・マルシャル、プレミアリーグ復帰を熱望——エバートン・スパーズら複数クラブが獲得を検討,united,3216,https://premier-blog.com/2026/09/03/%e3%82%a2%e3%83%b3%e3%83%88%e3%83%af%e3%83%bc%e3%83%8c%e3%83%bb%e3%83%9e%e3%83%ab%e3%82%b7%e3%83%a3%e3%83%ab%e3%80%81%e3%83%97%e3%83%ac%e3%83%9f%e3%82%a2%e3%83%aa%e3%83%bc%e3%82%b0%e5%be%a9%e5%b8%b0/,2026-09-03T12:22:16,
2507,ユナイテッドCL復帰戦でセスコ初先発弾など4得点、マンCの3億ポンド超中盤と比較される新コンビとは,united,3216,https://premier-blog.com/2026/09/11/%e3%83%a6%e3%83%8a%e3%82%a4%e3%83%86%e3%83%83%e3%83%89cl%e5%be%a9%e5%b8%b0%e6%88%a6%e3%81%a7%e3%82%bb%e3%82%b9%e3%82%b3%e5%88%9d%e5%85%88%e7%99%ba%e5%bc%be%e3%81%aa%e3%81%a94%e5%be%97%e7%82%b9/,2026-09-11T10:19:12,
2021,サヴィーニョ、スパーズ移籍合意へ——£75mでマンCと原則合意,transfers,3222,https://premier-blog.com/2026/08/22/%e3%82%b5%e3%83%b4%e3%82%a3%e3%83%bc%e3%83%8b%e3%83%a7%e3%80%81%e3%82%b9%e3%83%91%e3%83%bc%e3%82%ba%e7%a7%bb%e7%b1%8d%e5%90%88%e6%84%8f%e3%81%b8-75m%e3%81%a7%e3%83%9e%e3%83%b3c/,2026-08-22T10:51:03,
1876,ジェームズ・ペンライス、AEKアテネからレンジャーズへローン移籍が決定,transfers,3231,https://premier-blog.com/2026/08/16/%e3%82%b8%e3%82%a7%e3%83%bc%e3%83%a0%e3%82%ba%e3%83%bb%e3%83%9a%e3%83%b3%e3%83%a9%e3%82%a4%e3%82%b9%e3%80%81aek%e3%82%a2%e3%83%86%e3%83%8d%e3%81%8b%e3%82%89%e3%83%ac%e3%83%b3%e3%82%b8%e3%83%a3/,2026-08-16T12:28:19,
2429,エバートン vs ユナイテッド、土壇場の衝撃展開と主審の判定に波紋,united,3233,https://premier-blog.com/2026/09/07/%e3%82%a8%e3%83%90%e3%83%bc%e3%83%88%e3%83%b3-vs-%e3%83%a6%e3%83%8a%e3%82%a4%e3%83%86%e3%83%83%e3%83%89%e3%80%81%e5%9c%9f%e5%a3%87%e5%a0%b4%e3%81%ae%e8%a1%9d%e6%92%83%e5%b1%95%e9%96%8b%e3%81%a8/,2026-09-07T08:58:08,
1117,セルティック、CEO自ら認めた移籍市場の苦境——英チャンピオンシップにも競り負ける構造的問題,transfers,3237,https://premier-blog.com/2026/07/17/%e3%82%bb%e3%83%ab%e3%83%86%e3%82%a3%e3%83%83%e3%82%af%e3%80%81ceo%e8%87%aa%e3%82%89%e8%aa%8d%e3%82%81%e3%81%9f%e7%a7%bb%e7%b1%8d%e5%b8%82%e5%a0%b4%e3%81%ae%e8%8b%a6%e5%a2%83/,2026-07-17T10:38:14,
2257,トッテナム vs ニューカッスル｜£3億超投資のスパーズが開幕2連敗の衝撃、ハイソン監督を助けた&#8221;新司令塔&#8221;の正体とは【第2節 戦術分析】,match-reviews,3239,https://premier-blog.com/2026/08/30/%e3%83%88%e3%83%83%e3%83%86%e3%83%8a%e3%83%a0-vs-%e3%83%8b%e3%83%a5%e3%83%bc%e3%82%ab%e3%83%83%e3%82%b9%e3%83%ab%ef%bd%9c3%e5%84%84%e8%b6%85%e6%8a%95%e8%b3%87%e3%81%ae%e3%82%b9%e3%83%91%e3%83%bc/,2026-08-30T09:55:41,
2090,プレミアリーグ・ハットトリック最多は誰？歴代記録保持者ランキングと珍記録まとめ,column,3250,https://premier-blog.com/2026/08/25/%e3%83%97%e3%83%ac%e3%83%9f%e3%82%a2%e3%83%aa%e3%83%bc%e3%82%b0%e3%83%bb%e3%83%8f%e3%83%83%e3%83%88%e3%83%88%e3%83%aa%e3%83%83%e3%82%af%e6%9c%80%e5%a4%9a%e3%81%af%e8%aa%b0%ef%bc%9f%e6%ad%b4%e4%bb%a3/,2026-08-25T11:05:51,
1168,W杯2026で急浮上！プレミア移籍候補の5人：ブアッディら注目の新星を徹底分析,column,3259,https://premier-blog.com/2026/07/18/w%e6%9d%af2026%e3%81%a7%e6%80%a5%e6%b5%ae%e4%b8%8a%ef%bc%81%e3%83%97%e3%83%ac%e3%83%9f%e3%82%a2%e7%a7%bb%e7%b1%8d%e5%80%99%e8%a3%9c%e3%81%ae5%e4%ba%ba%ef%bc%9a%e3%83%96%e3%82%a2%e3%83%83%e3%83%87/,2026-07-18T09:16:39,
1505,マンチェスター・ユナイテッド背番号7の歴代選手：ベスト、カントナ、ベッカム、ロナウド,column,3270,https://premier-blog.com/2026/07/31/%e3%83%9e%e3%83%b3%e3%83%81%e3%82%a7%e3%82%b9%e3%82%bf%e3%83%bc%e3%83%bb%e3%83%a6%e3%83%8a%e3%82%a4%e3%83%86%e3%83%83%e3%83%89%e8%83%8c%e7%95%aa%e5%8f%b77%e3%81%ae%e6%ad%b4%e4%bb%a3%e9%81%b8%e6%89%8b/,2026-07-31T15:47:54,
1334,ミカエル・オリセ、バイエルン残留かレアル・マドリード移籍か——ニューヨークの公園に現れた世界最高峰のウインガー,europe,3271,https://premier-blog.com/2026/07/25/%e3%83%9f%e3%82%ab%e3%82%a8%e3%83%ab%e3%83%bb%e3%82%aa%e3%83%aa%e3%82%bb%e3%80%81%e3%83%90%e3%82%a4%e3%82%a8%e3%83%ab%e3%83%b3%e6%ae%8b%e7%95%99%e3%81%8b%e3%83%ac%e3%82%a2%e3%83%ab%e3%83%bb%e3%83%9e/,2026-07-25T12:03:31,
718,マラシア、マンUとの契約が2026年6月末に満了——市場価値は最高値の5分の1以下に急落,united,3274,https://premier-blog.com/2026/06/28/%e3%83%9e%e3%83%a9%e3%82%b7%e3%82%a2%e3%80%81%e3%83%9e%e3%83%b3u%e3%81%a8%e3%81%ae%e5%a5%91%e7%b4%84%e3%81%8c2026%e5%b9%b46%e6%9c%88%e6%9c%ab%e3%81%ab%e6%ba%80%e4%ba%86-%e5%b8%82/,2026-06-28T08:58:58,
1484,タイラー・フレドリクソン、マンUを離れFCローザンヌ・スポールへ完全移籍,united,3274,https://premier-blog.com/2026/07/31/%e3%82%bf%e3%82%a4%e3%83%a9%e3%83%bc%e3%83%bb%e3%83%95%e3%83%ac%e3%83%89%e3%83%aa%e3%82%af%e3%82%bd%e3%83%b3%e3%80%81%e3%83%9e%e3%83%b3u%e3%82%92%e9%9b%a2%e3%82%8cfc%e3%83%ad%e3%83%bc%e3%82%b6/,2026-07-31T15:48:02,
1488,アーセナル、ニューカッスル主将ブルーノ・ギマランイスを8000万ポンドで獲得へ,transfers,3279,https://premier-blog.com/2026/07/31/%e3%82%a2%e3%83%bc%e3%82%bb%e3%83%8a%e3%83%ab%e3%80%81%e3%83%8b%e3%83%a5%e3%83%bc%e3%82%ab%e3%83%83%e3%82%b9%e3%83%ab%e4%b8%bb%e5%b0%86%e3%83%96%e3%83%ab%e3%83%bc%e3%83%8e%e3%83%bb%e3%82%ae%e3%83%9e/,2026-07-31T15:47:59,
1692,ジェド・スペンス、マン・ユナイテッドとリバプールにオファー　トッテナム監督は慰留希望,united,3283,https://premier-blog.com/2026/08/08/%e3%82%b8%e3%82%a7%e3%83%89%e3%83%bb%e3%82%b9%e3%83%9a%e3%83%b3%e3%82%b9%e3%80%81%e3%83%9e%e3%83%b3%e3%83%bb%e3%83%a6%e3%83%8a%e3%82%a4%e3%83%86%e3%83%83%e3%83%89%e3%81%a8%e3%83%aa%e3%83%90%e3%83%97/,2026-08-08T09:43:25,
1551,ミッキー・ムーア、FCケルンへのローン移籍交渉が大詰め——トッテナムの18歳アタッカーに新天地,transfers,3288,https://premier-blog.com/2026/08/03/%e3%83%9f%e3%83%83%e3%82%ad%e3%83%bc%e3%83%bb%e3%83%a0%e3%83%bc%e3%82%a2%e3%80%81fc%e3%82%b1%e3%83%ab%e3%83%b3%e3%81%b8%e3%81%ae%e3%83%ad%e3%83%bc%e3%83%b3%e7%a7%bb%e7%b1%8d%e4%ba%a4%e6%b8%89%e3%81%8c/,2026-08-03T09:49:42,
2232,控えのシェルキーが試合を変えた——シティ新戦術、パレスに勝機はあったか,match-reviews,3291,https://premier-blog.com/2026/08/30/%e3%82%af%e3%83%aa%e3%82%b9%e3%82%bf%e3%83%ab%e3%83%bb%e3%83%91%e3%83%ac%e3%82%b9-vs-%e3%83%9e%e3%83%b3%e3%83%81%e3%82%a7%e3%82%b9%e3%82%bf%e3%83%bc%e3%83%bb%e3%82%b7%e3%83%86%e3%82%a3-%e6%88%a6/,2026-08-30T09:55:55,
2093,ニューカッスル vs リバプール 戦術分析｜開幕節、劇的な結末を生んだ攻守の応酬,match-reviews,3292,https://premier-blog.com/2026/08/25/%e3%83%8b%e3%83%a5%e3%83%bc%e3%82%ab%e3%83%83%e3%82%b9%e3%83%ab-vs-%e3%83%aa%e3%83%90%e3%83%97%e3%83%bc%e3%83%ab-%e6%88%a6%e8%a1%93%e5%88%86%e6%9e%90%ef%bd%9c%e9%96%8b%e5%b9%95%e7%af%80%e3%80%81/,2026-08-25T11:06:08,
2436,エバートン戦ドロー後、マン・ユナイテッドの守備陣に高まる批判,united,3292,https://premier-blog.com/2026/09/07/%e3%82%a8%e3%83%90%e3%83%bc%e3%83%88%e3%83%b3%e6%88%a6%e3%83%89%e3%83%ad%e3%83%bc%e5%be%8c%e3%80%81%e3%83%9e%e3%83%b3%e3%83%bb%e3%83%a6%e3%83%8a%e3%82%a4%e3%83%86%e3%83%83%e3%83%89%e3%81%ae%e5%ae%88/,2026-09-07T08:58:30,
1152,アヤックス、ウナヒ獲得交渉開始——リリース条項2500万ユーロのW杯戦士を狙う,transfers,3297,https://premier-blog.com/2026/07/18/%e3%82%a2%e3%83%a4%e3%83%83%e3%82%af%e3%82%b9%e3%80%81%e3%82%a6%e3%83%8a%e3%83%92%e7%8d%b2%e5%be%97%e4%ba%a4%e6%b8%89%e9%96%8b%e5%a7%8b-%e3%83%aa%e3%83%aa%e3%83%bc%e3%82%b9%e6%9d%a1/,2026-07-18T09:16:48,
1096,マン・シティ、リールの18歳ブアッディ獲得へ猛アタック——W杯で躍動したモロッコ代表MF,europe,3301,https://premier-blog.com/2026/07/16/%e3%83%9e%e3%83%b3%e3%83%bb%e3%82%b7%e3%83%86%e3%82%a3%e3%80%81%e3%83%aa%e3%83%bc%e3%83%ab%e3%81%ae18%e6%ad%b3%e3%83%96%e3%82%a2%e3%83%83%e3%83%87%e3%82%a3%e7%8d%b2%e5%be%97%e3%81%b8%e7%8c%9b%e3%82%a2/,2026-07-16T13:19:59,
2194,プレミアリーグの外国籍選手比率はどこまで上がった？開幕初年度から現在までの変遷を徹底検証,column,3302,https://premier-blog.com/2026/08/29/%e3%83%97%e3%83%ac%e3%83%9f%e3%82%a2%e3%83%aa%e3%83%bc%e3%82%b0%e3%81%ae%e5%a4%96%e5%9b%bd%e7%b1%8d%e9%81%b8%e6%89%8b%e6%af%94%e7%8e%87%e3%81%af%e3%81%a9%e3%81%93%e3%81%be%e3%81%a7%e4%b8%8a%e3%81%8c/,2026-08-29T09:26:50,
1706,ベンフィカ対ハーツ、リスボンでスコットランド勢に何が起きたのか——衝撃の一夜,europe,3305,https://premier-blog.com/2026/08/08/%e3%83%99%e3%83%b3%e3%83%95%e3%82%a3%e3%82%ab6-1%e3%83%8f%e3%83%bc%e3%83%84%ef%bc%9a%e3%82%b9%e3%82%b3%e3%83%83%e3%83%88%e3%83%a9%e3%83%b3%e3%83%89%e5%8b%a2%e3%80%81%e3%83%aa%e3%82%b9%e3%83%9c/,2026-08-08T09:43:17,
637,マテウス・フェルナンデス移籍：マン・ユナイテッドが個人合意、アーセナルは£8000万に難色で撤退,united,3312,https://premier-blog.com/2026/06/23/%e3%83%9e%e3%83%86%e3%82%a6%e3%82%b9%e3%83%bb%e3%83%95%e3%82%a7%e3%83%ab%e3%83%8a%e3%83%b3%e3%83%87%e3%82%b9%e7%a7%bb%e7%b1%8d%ef%bc%9a%e3%83%9e%e3%83%b3%e3%83%bb%e3%83%a6%e3%83%8a%e3%82%a4%e3%83%86/,2026-06-23T17:21:52,
1640,アーセナル1-3リアル・ベティス：ダブリン親善試合で防守崩壊、ケパのミスも響く,column,3312,https://premier-blog.com/2026/08/06/%e3%82%a2%e3%83%bc%e3%82%bb%e3%83%8a%e3%83%ab1-3%e3%83%aa%e3%82%a2%e3%83%ab%e3%83%bb%e3%83%99%e3%83%86%e3%82%a3%e3%82%b9%ef%bc%9a%e3%83%80%e3%83%96%e3%83%aa%e3%83%b3%e8%a6%aa%e5%96%84%e8%a9%a6/,2026-08-06T10:08:29,
962,マンUがエデルソン移籍に約39億円投資——カリック体制初の補強が最終局面へ,united,3315,https://premier-blog.com/2026/07/10/%e3%83%9e%e3%83%b3u%e3%81%8c%e3%82%a8%e3%83%87%e3%83%ab%e3%82%bd%e3%83%b3%e7%a7%bb%e7%b1%8d%e3%81%ab%e7%b4%8439%e5%84%84%e5%86%86%e6%8a%95%e8%b3%87-%e3%82%ab%e3%83%aa%e3%83%83/,2026-07-10T09:59:51,
2371,サッカー移籍市場はなぜ「窓」が閉まるのか？仕組みとウィンドウ期間を完全整理,column,3317,https://premier-blog.com/2026/09/04/%e3%82%b5%e3%83%83%e3%82%ab%e3%83%bc%e7%a7%bb%e7%b1%8d%e5%b8%82%e5%a0%b4%e3%81%af%e3%81%aa%e3%81%9c%e3%80%8c%e7%aa%93%e3%80%8d%e3%81%8c%e9%96%89%e3%81%be%e3%82%8b%e3%81%ae%e3%81%8b%ef%bc%9f%e4%bb%95/,2026-09-04T12:02:27,
1219,マンチェスター・ユナイテッド2026夏の移籍最新情報：ティーレマンス加入、左SB獲得へ動く,united,3320,https://premier-blog.com/2026/07/20/%e3%83%9e%e3%83%b3%e3%83%81%e3%82%a7%e3%82%b9%e3%82%bf%e3%83%bc%e3%83%bb%e3%83%a6%e3%83%8a%e3%82%a4%e3%83%86%e3%83%83%e3%83%892026%e5%a4%8f%e3%81%ae%e7%a7%bb%e7%b1%8d%e6%9c%80%e6%96%b0%e6%83%85/,2026-07-20T19:48:28,
2131,ドワイト・ヨークがバレバ獲得交渉に困惑——マン・ユナイテッドの£65m入札の真意とは,united,3321,https://premier-blog.com/2026/08/27/%e3%83%89%e3%83%af%e3%82%a4%e3%83%88%e3%83%bb%e3%83%a8%e3%83%bc%e3%82%af%e3%81%8c%e3%83%90%e3%83%ac%e3%83%90%e7%8d%b2%e5%be%97%e4%ba%a4%e6%b8%89%e3%81%ab%e5%9b%b0%e6%83%91-%e3%83%9e/,2026-08-27T10:37:08,
2187,アンデル・エレーラ、無報酬でレアル・サラゴサ復帰──元マンU星が第3部を選んだ理由,united,3322,https://premier-blog.com/2026/08/29/%e3%82%a2%e3%83%b3%e3%83%87%e3%83%ab%e3%83%bb%e3%82%a8%e3%83%ac%e3%83%bc%e3%83%a9%e3%80%81%e7%84%a1%e5%a0%b1%e9%85%ac%e3%81%a7%e3%83%ac%e3%82%a2%e3%83%ab%e3%83%bb%e3%82%b5%e3%83%a9%e3%82%b4%e3%82%b5/,2026-08-29T09:26:57,
2468,ファーディナンドがカリックの守備起用に異論―ユナイテッド開幕3戦で6失点の危機,united,3322,https://premier-blog.com/2026/09/08/%e3%83%95%e3%82%a1%e3%83%bc%e3%83%87%e3%82%a3%e3%83%8a%e3%83%b3%e3%83%89%e3%81%8c%e3%82%ab%e3%83%aa%e3%83%83%e3%82%af%e3%81%ae%e5%ae%88%e5%82%99%e8%b5%b7%e7%94%a8%e3%81%ab%e7%95%b0%e8%ab%96%e2%80%95/,2026-09-08T11:03:11,
2062,マンチェスター・ユナイテッド、夏の移籍で中盤補強は急務——財務改善がもたらす好機,united,3326,https://premier-blog.com/2026/08/24/%e3%83%9e%e3%83%b3%e3%83%81%e3%82%a7%e3%82%b9%e3%82%bf%e3%83%bc%e3%83%bb%e3%83%a6%e3%83%8a%e3%82%a4%e3%83%86%e3%83%83%e3%83%89%e3%80%81%e5%a4%8f%e3%81%ae%e7%a7%bb%e7%b1%8d%e3%81%a7%e4%b8%ad%e7%9b%a4/,2026-08-24T09:03:40,
653,トム・ヒートン40歳、マンU残留へ新契約——CL復帰シーズンへ経験GK続投,united,3329,https://premier-blog.com/2026/06/25/%e3%83%88%e3%83%a0%e3%83%bb%e3%83%92%e3%83%bc%e3%83%88%e3%83%b340%e6%ad%b3%e3%80%81%e3%83%9e%e3%83%b3u%e6%ae%8b%e7%95%99%e3%81%b8%e6%96%b0%e5%a5%91%e7%b4%84-cl%e5%be%a9%e5%b8%b0/,2026-06-25T09:02:27,
1438,ジョン・ストーンズ、インテル・ミラノへ移籍正式決定——木曜にミラノ入りしメディカル受診へ,transfers,3331,https://premier-blog.com/2026/07/29/%e3%82%b8%e3%83%a7%e3%83%b3%e3%83%bb%e3%82%b9%e3%83%88%e3%83%bc%e3%83%b3%e3%82%ba%e3%80%81%e3%82%a4%e3%83%b3%e3%83%86%e3%83%ab%e3%83%bb%e3%83%9f%e3%83%a9%e3%83%8e%e3%81%b8%e7%a7%bb%e7%b1%8d%e6%ad%a3/,2026-07-29T13:45:37,
1201,チェルシー、モーガン・ロジャーズを£1億1700万で獲得合意——英国人選手移籍金記録を更新,transfers,3335,https://premier-blog.com/2026/07/20/%e3%83%81%e3%82%a7%e3%83%ab%e3%82%b7%e3%83%bc%e3%80%81%e3%83%a2%e3%83%bc%e3%82%ac%e3%83%b3%e3%83%bb%e3%83%ad%e3%82%b8%e3%83%a3%e3%83%bc%e3%82%ba%e3%82%921%e5%84%841700%e4%b8%87%e3%81%a7%e7%8d%b2/,2026-07-20T19:48:38,
2352,マン・ユナイテッド、今夏総額£153Mの補強完了——ネビルが警告する「穴」とは,united,3339,https://premier-blog.com/2026/09/04/%e3%83%9e%e3%83%b3%e3%83%bb%e3%83%a6%e3%83%8a%e3%82%a4%e3%83%86%e3%83%83%e3%83%89%e3%80%81%e4%bb%8a%e5%a4%8f%e7%b7%8f%e9%a1%8d153m%e3%81%ae%e8%a3%9c%e5%bc%b7%e5%ae%8c%e4%ba%86/,2026-09-04T12:02:41,
1945,マンチェスター・ユナイテッド歴代GK一覧｜プレミアリーグ最多クリーンシートは誰？,column,3342,https://premier-blog.com/2026/08/20/%e3%83%9e%e3%83%b3%e3%83%81%e3%82%a7%e3%82%b9%e3%82%bf%e3%83%bc%e3%83%bb%e3%83%a6%e3%83%8a%e3%82%a4%e3%83%86%e3%83%83%e3%83%89%e6%ad%b4%e4%bb%a3%e3%82%b4%e3%83%bc%e3%83%ab%e3%82%ad%e3%83%bc%e3%83%91/,2026-08-20T11:18:30,
1070,ラッシュフォード放出へ：ユナイテッドが£40mクローズ、サマーヴィルを£30m入札で獲得狙う,united,3344,https://premier-blog.com/2026/07/16/%e3%83%a9%e3%83%83%e3%82%b7%e3%83%a5%e3%83%95%e3%82%a9%e3%83%bc%e3%83%89%e6%94%be%e5%87%ba%e3%81%b8%ef%bc%9a%e3%83%a6%e3%83%8a%e3%82%a4%e3%83%86%e3%83%83%e3%83%89%e3%81%8c40m%e3%82%af%e3%83%ad/,2026-07-16T13:20:07,
1142,エデルソン、マン・ユナイテッド移籍破談後にアタランタと契約延長,united,3345,https://premier-blog.com/2026/07/18/%e3%82%a8%e3%83%87%e3%83%ab%e3%82%bd%e3%83%b3%e3%80%81%e3%83%9e%e3%83%b3%e3%83%bb%e3%83%a6%e3%83%8a%e3%82%a4%e3%83%86%e3%83%83%e3%83%89%e7%a7%bb%e7%b1%8d%e7%a0%b4%e8%ab%87%e5%be%8c%e3%81%ab%e3%82%a2/,2026-07-18T09:16:51,
1738,ブルーノ・ギマランイスのアーセナル移籍7500万ポンドほか：2026年夏プレミアリーグ移籍週間ベスト5,transfers,3348,https://premier-blog.com/2026/08/09/%e3%83%96%e3%83%ab%e3%83%bc%e3%83%8e%e3%83%bb%e3%82%ae%e3%83%9e%e3%83%a9%e3%83%b3%e3%82%a4%e3%82%b9%e3%81%ae%e3%82%a2%e3%83%bc%e3%82%bb%e3%83%8a%e3%83%ab%e7%a7%bb%e7%b1%8d7500%e4%b8%87%e3%83%9d/,2026-08-09T09:15:35,
2363,サンチョ、ドバイクラブから異例のオファー――マン・ユナイテッド退団後の行方は,united,3348,https://premier-blog.com/2026/09/04/%e3%82%b5%e3%83%b3%e3%83%81%e3%83%a7%e3%80%81%e3%83%89%e3%83%90%e3%82%a4%e3%82%af%e3%83%a9%e3%83%96%e3%81%8b%e3%82%89%e7%95%b0%e4%be%8b%e3%81%ae%e3%82%aa%e3%83%95%e3%82%a1%e3%83%bc%e2%80%95%e2%80%95/,2026-09-04T12:02:31,
1275,アレハンドロ・ガルナチョ、マン・ユナイテッドからアストン・ビラへ移籍決定,column,3350,https://premier-blog.com/2026/07/23/%e3%82%a2%e3%83%ac%e3%83%8f%e3%83%b3%e3%83%89%e3%83%ad%e3%83%bb%e3%82%ac%e3%83%ab%e3%83%8a%e3%83%81%e3%83%a7%e3%80%81%e3%83%9e%e3%83%b3%e3%83%bb%e3%83%a6%e3%83%8a%e3%82%a4%e3%83%86%e3%83%83%e3%83%89/,2026-07-23T17:32:11,
1049,メッシ38歳で6大会連続W杯出場＆ハットトリック、英対アルゼンチン準決勝に向けイングランドに警戒論,united,3351,https://premier-blog.com/2026/07/15/%e3%83%a1%e3%83%83%e3%82%b738%e6%ad%b3%e3%81%a76%e5%a4%a7%e4%bc%9a%e9%80%a3%e7%b6%9aw%e6%9d%af%e5%87%ba%e5%a0%b4%ef%bc%86%e3%83%8f%e3%83%83%e3%83%88%e3%83%88%e3%83%aa%e3%83%83%e3%82%af%e3%80%81/,2026-07-15T09:57:17,
2339,ブルーノ・フェルナンデス、マン・ユナイテッドに8000万ポンド級ウィンガー獲得を求めていたか,united,3352,https://premier-blog.com/2026/09/03/%e3%83%96%e3%83%ab%e3%83%bc%e3%83%8e%e3%83%bb%e3%83%95%e3%82%a7%e3%83%ab%e3%83%8a%e3%83%b3%e3%83%87%e3%82%b9%e3%80%81%e3%83%9e%e3%83%b3%e3%83%bb%e3%83%a6%e3%83%8a%e3%82%a4%e3%83%86%e3%83%83%e3%83%89/,2026-09-03T12:22:09,
708,マンチェスター・ユナイテッド、サマービル獲得へ5年契約オファー　元MF・バット氏が警告,united,3353,https://premier-blog.com/2026/06/27/%e3%83%9e%e3%83%b3%e3%83%81%e3%82%a7%e3%82%b9%e3%82%bf%e3%83%bc%e3%83%bb%e3%83%a6%e3%83%8a%e3%82%a4%e3%83%86%e3%83%83%e3%83%89%e3%80%81%e3%82%b5%e3%83%9e%e3%83%bc%e3%83%93%e3%83%ab%e7%8d%b2%e5%be%97/,2026-06-27T14:59:43,
2304,コビー・メイヌー、イプスウィッチ戦で&#8221;別人&#8221;の輝き——チームメイトが語る急成長の理由,united,3358,https://premier-blog.com/2026/09/02/%e3%82%b3%e3%83%93%e3%83%bc%e3%83%bb%e3%83%a1%e3%82%a4%e3%83%8c%e3%83%bc%e3%80%81%e3%82%a4%e3%83%97%e3%82%b9%e3%82%a6%e3%82%a3%e3%83%83%e3%83%81%e6%88%a6%e3%81%a7%e5%88%a5%e4%ba%ba%e3%81%ae/,2026-09-02T09:37:48,
1907,キャリック体制のマンUが新シーズン開幕へ：アンドレイ・サントス£48mらサマー補強の成果と残る課題,united,3361,https://premier-blog.com/2026/08/18/%e3%82%ad%e3%83%a3%e3%83%aa%e3%83%83%e3%82%af%e4%bd%93%e5%88%b6%e3%81%ae%e3%83%9e%e3%83%b3u%e3%81%8c%e6%96%b0%e3%82%b7%e3%83%bc%e3%82%ba%e3%83%b3%e9%96%8b%e5%b9%95%e3%81%b8%ef%bc%9a%e3%82%a2%e3%83%b3/,2026-08-18T09:23:21,
1824,ティールマンス、ユナイテッド移籍後にアストン・ビラファンへ謝罪,united,3363,https://premier-blog.com/2026/08/14/%e3%83%86%e3%82%a3%e3%83%bc%e3%83%ab%e3%83%9e%e3%83%b3%e3%82%b9%e3%80%81%e3%83%a6%e3%83%8a%e3%82%a4%e3%83%86%e3%83%83%e3%83%89%e7%a7%bb%e7%b1%8d%e5%be%8c%e3%81%ab%e3%82%a2%e3%82%b9%e3%83%88%e3%83%b3/,2026-08-14T08:41:25,
1463,フェルミン・ロペス、骨折で「最悪の夏」—バルセロナ残留を明言,transfers,3370,https://premier-blog.com/2026/07/30/%e3%83%95%e3%82%a7%e3%83%ab%e3%83%9f%e3%83%b3%e3%83%bb%e3%83%ad%e3%83%9a%e3%82%b9%e3%80%81%e9%aa%a8%e6%8a%98%e3%81%a7%e3%80%8c%e6%9c%80%e6%82%aa%e3%81%ae%e5%a4%8f%e3%80%8d-%e3%83%90%e3%83%ab/,2026-07-30T08:21:36,
1600,"マンチェスター・ユナイテッド、チケット転売調査で誤り認める——1台のデバイスで1,088アカウントへのアクセスも",united,3371,https://premier-blog.com/2026/08/05/%e3%83%9e%e3%83%b3%e3%83%81%e3%82%a7%e3%82%b9%e3%82%bf%e3%83%bc%e3%83%bb%e3%83%a6%e3%83%8a%e3%82%a4%e3%83%86%e3%83%83%e3%83%89%e3%80%81%e3%83%81%e3%82%b1%e3%83%83%e3%83%88%e8%bb%a2%e5%a3%b2%e8%aa%bf/,2026-08-05T09:49:37,
2486,リバプール、チェルシー＆マンUが争うMF2名のянвар争奪戦に参入か,united,3373,https://premier-blog.com/2026/09/10/%e3%83%aa%e3%83%90%e3%83%97%e3%83%bc%e3%83%ab%e3%80%81%e3%83%81%e3%82%a7%e3%83%ab%e3%82%b7%e3%83%bc%ef%bc%86%e3%83%9e%e3%83%b3u%e3%81%8c%e4%ba%89%e3%81%86mf2%e5%90%8d%e3%81%ae%d1%8f%d0%bd%d0%b2%d0%b0/,2026-09-10T09:27:51,
1006,エデルソン移籍劇の真相：マンUが拒否、アタランタが5年契約提示へ、ACミランも参戦,transfers,3377,https://premier-blog.com/2026/07/13/%e3%82%a8%e3%83%87%e3%83%ab%e3%82%bd%e3%83%b3%e7%a7%bb%e7%b1%8d%e5%8a%87%e3%81%ae%e7%9c%9f%e7%9b%b8%ef%bc%9a%e3%83%9e%e3%83%b3u%e3%81%8c%e6%8b%92%e5%90%a6%e3%80%81%e3%82%a2%e3%82%bf%e3%83%a9%e3%83%b3/,2026-07-13T14:01:06,
2510,マンチェスター・ユナイテッド、4億1500万ポンド投資後も残るセンターバック問題,united,3383,https://premier-blog.com/2026/09/11/%e3%83%9e%e3%83%b3%e3%83%81%e3%82%a7%e3%82%b9%e3%82%bf%e3%83%bc%e3%83%bb%e3%83%a6%e3%83%8a%e3%82%a4%e3%83%86%e3%83%83%e3%83%89%e3%80%814%e5%84%841500%e4%b8%87%e3%83%9d%e3%83%b3%e3%83%89%e6%8a%95/,2026-09-11T10:19:10,
726,W杯2026ブレイク5選手：ブアダイ、フリーマンらプレミア移籍候補を徹底分析,column,3386,https://premier-blog.com/2026/06/29/w%e6%9d%af2026%e3%83%96%e3%83%ac%e3%82%a4%e3%82%af5%e9%81%b8%e6%89%8b%ef%bc%9a%e3%83%96%e3%82%a2%e3%83%80%e3%82%a4%e3%80%81%e3%83%95%e3%83%aa%e3%83%bc%e3%83%9e%e3%83%b3%e3%82%89%e3%83%97%e3%83%ac/,2026-06-29T09:47:35,
640,ヤン・ディオマンデ£112m争奪戦：リバプールに迫るマン・ユナイテッドの影,united,3389,https://premier-blog.com/2026/06/23/%e3%83%a4%e3%83%b3%e3%83%bb%e3%83%87%e3%82%a3%e3%82%aa%e3%83%9e%e3%83%b3%e3%83%87112m%e4%ba%89%e5%a5%aa%e6%88%a6%ef%bc%9a%e3%83%aa%e3%83%90%e3%83%97%e3%83%bc%e3%83%ab%e3%81%ab%e8%bf%ab%e3%82%8b/,2026-06-23T17:21:50,
954,スペイン0-1でポルトガル撃破、メリーノ劇的弾でW杯準々決勝へ　ロナウドの夢終わる,united,3389,https://premier-blog.com/2026/07/09/%e3%82%b9%e3%83%9a%e3%82%a4%e3%83%b30-1%e3%81%a7%e3%83%9d%e3%83%ab%e3%83%88%e3%82%ac%e3%83%ab%e6%92%83%e7%a0%b4%e3%80%81%e3%83%a1%e3%83%aa%e3%83%bc%e3%83%8e%e5%8a%87%e7%9a%84%e5%bc%be%e3%81%a7w/,2026-07-09T12:07:44,
748,ボーンマス、アレックス・スコット獲得にアーセナルとマン・ユナイテッドが接触——クラブは拒否姿勢,united,3393,https://premier-blog.com/2026/06/30/%e3%83%9c%e3%83%bc%e3%83%b3%e3%83%9e%e3%82%b9%e3%80%81%e3%82%a2%e3%83%ac%e3%83%83%e3%82%af%e3%82%b9%e3%83%bb%e3%82%b9%e3%82%b3%e3%83%83%e3%83%88%e7%8d%b2%e5%be%97%e3%81%ab%e3%82%a2%e3%83%bc%e3%82%bb/,2026-06-30T08:58:11,
1976,マン・ユナイテッドのバレバ争奪戦に新展開、ブライトンが強硬姿勢＆リバプールも参戦か,united,3395,https://premier-blog.com/2026/08/21/%e3%83%9e%e3%83%b3%e3%83%bb%e3%83%a6%e3%83%8a%e3%82%a4%e3%83%86%e3%83%83%e3%83%89%e3%81%ae%e3%83%90%e3%83%ac%e3%83%90%e4%ba%89%e5%a5%aa%e6%88%a6%e3%81%ab%e6%96%b0%e5%b1%95%e9%96%8b%e3%80%81%e3%83%96/,2026-08-21T09:40:08,
1867,セスコ欠場でAC Milan戦2-4敗北——マンUがプレシーズン最終戦で課題露呈,united,3396,https://premier-blog.com/2026/08/16/%e3%82%bb%e3%82%b9%e3%82%b3%e6%ac%a0%e5%a0%b4%e3%81%a7ac-milan%e6%88%a62-4%e6%95%97%e5%8c%97-%e3%83%9e%e3%83%b3u%e3%81%8c%e3%83%97%e3%83%ac%e3%82%b7%e3%83%bc%e3%82%ba%e3%83%b3/,2026-08-16T12:28:27,
1724,マンUがPSGと1-1引き分け——メイソン・マウントら複数選手の負傷状況が焦点に,united,3397,https://premier-blog.com/2026/08/09/%e3%83%9e%e3%83%b3u%e3%81%8cpsg%e3%81%a81-1%e5%bc%95%e3%81%8d%e5%88%86%e3%81%91-%e3%83%a1%e3%82%a4%e3%82%bd%e3%83%b3%e3%83%bb%e3%83%9e%e3%82%a6%e3%83%b3%e3%83%88%e3%82%89%e8%a4%87/,2026-08-09T09:15:44,
2221,バイエルン、ブンデスリーガ開幕戦で圧巻の快勝——オリーズとディアスが躍動,europe,3398,https://premier-blog.com/2026/08/30/%e3%83%90%e3%82%a4%e3%82%a8%e3%83%ab%e3%83%b3%e3%80%81%e3%83%96%e3%83%b3%e3%83%87%e3%82%b9%e3%83%aa%e3%83%bc%e3%82%ac%e9%96%8b%e5%b9%95%e6%88%a6%e3%81%a7%e5%9c%a7%e5%b7%bb%e3%81%ae%e5%bf%ab%e5%8b%9d/,2026-08-30T09:56:05,
2155,プレミアリーグ全クラブのスタジアム収容人数ランキング：最大と最小の差は何人？,data,3399,https://premier-blog.com/2026/08/28/%e3%83%97%e3%83%ac%e3%83%9f%e3%82%a2%e3%83%aa%e3%83%bc%e3%82%b0%e5%85%a8%e3%82%af%e3%83%a9%e3%83%96%e3%81%ae%e3%82%b9%e3%82%bf%e3%82%b8%e3%82%a2%e3%83%a0%e5%8f%8e%e5%ae%b9%e4%ba%ba%e6%95%b0%e3%83%a9/,2026-08-28T09:24:49,
416,トッテナム、ヴァン・ヘッケを5200万ポンドで獲得合意｜マン・ユナイテッドは左ウィング補強を模索,transfers,3402,https://premier-blog.com/2026/06/18/%e3%83%88%e3%83%83%e3%83%86%e3%83%8a%e3%83%a0%e3%80%81%e3%83%b4%e3%82%a1%e3%83%b3%e3%83%bb%e3%83%98%e3%83%83%e3%82%b1%e3%82%925200%e4%b8%87%e3%83%9d%e3%83%b3%e3%83%89%e3%81%a7%e7%8d%b2%e5%be%97/,2026-06-18T08:52:57,
1767,コベントリー、元所属MFハマーに正式入札——イレンキィの記録的移籍も決定,united,3407,https://premier-blog.com/2026/08/11/%e3%82%b3%e3%83%99%e3%83%b3%e3%83%88%e3%83%aa%e3%83%bc%e3%80%81%e5%85%83%e6%89%80%e5%b1%9emf%e3%83%8f%e3%83%9e%e3%83%bc%e3%81%ab%e6%ad%a3%e5%bc%8f%e5%85%a5%e6%9c%ad-%e3%82%a4%e3%83%ac/,2026-08-11T09:00:50,
1013,ウガルテが膝の重傷でユナイテッドの移籍計画に大打撃、マテウス・フェルナンデスはトッテナムへ,united,3409,https://premier-blog.com/2026/07/13/%e3%82%a6%e3%82%ac%e3%83%ab%e3%83%86%e3%81%8c%e8%86%9d%e3%81%ae%e9%87%8d%e5%82%b7%e3%81%a7%e3%83%a6%e3%83%8a%e3%82%a4%e3%83%86%e3%83%83%e3%83%89%e3%81%ae%e7%a7%bb%e7%b1%8d%e8%a8%88%e7%94%bb%e3%81%ab/,2026-07-13T14:01:01,
2398,マンチェスター・ユナイテッド、左SB補強失敗の代償とドルグ起用の賭け,united,3411,https://premier-blog.com/2026/09/06/%e3%83%9e%e3%83%b3%e3%83%81%e3%82%a7%e3%82%b9%e3%82%bf%e3%83%bc%e3%83%bb%e3%83%a6%e3%83%8a%e3%82%a4%e3%83%86%e3%83%83%e3%83%89%e3%80%81%e5%b7%a6sb%e8%a3%9c%e5%bc%b7%e5%a4%b1%e6%95%97%e3%81%ae%e4%bb%a3/,2026-09-06T09:03:57,
610,イプスウィッチ新監督にゲイリー・オニール就任へ――ソルスシャールも候補だった舞台裏,united,3415,https://premier-blog.com/2026/06/22/%e3%82%a4%e3%83%97%e3%82%b9%e3%82%a6%e3%82%a3%e3%83%83%e3%83%81%e6%96%b0%e7%9b%a3%e7%9d%a3%e3%81%ab%e3%82%b2%e3%82%a4%e3%83%aa%e3%83%bc%e3%83%bb%e3%82%aa%e3%83%8b%e3%83%bc%e3%83%ab%e5%b0%b1%e4%bb%bb-2/,2026-06-22T15:03:09,
1197,ゲイリー・ネビルがベン・ホワイトを批判——W杯後のイングランド代表刷新論を展開,column,3421,https://premier-blog.com/2026/07/20/%e3%82%b2%e3%82%a4%e3%83%aa%e3%83%bc%e3%83%bb%e3%83%8d%e3%83%93%e3%83%ab%e3%81%8c%e3%83%99%e3%83%b3%e3%83%bb%e3%83%9b%e3%83%af%e3%82%a4%e3%83%88%e3%82%92%e6%89%b9%e5%88%a4-w%e6%9d%af/,2026-07-20T19:48:40,
2380,アレクシア・プテジャス衝撃デビュー！ロンドン・シティがマン・ユナイテッド女子を撃破,united,3421,https://premier-blog.com/2026/09/05/%e3%82%a2%e3%83%ac%e3%82%af%e3%82%b7%e3%82%a2%e3%83%bb%e3%83%97%e3%83%86%e3%82%b8%e3%83%a3%e3%82%b9%e8%a1%9d%e6%92%83%e3%83%87%e3%83%93%e3%83%a5%e3%83%bc%ef%bc%81%e3%83%ad%e3%83%b3%e3%83%89%e3%83%b3/,2026-09-05T09:09:14,
2500,エルバーズベルクのブンデスリーガ挑戦——バイエルンを脅かす村クラブの実力とは,europe,3429,https://premier-blog.com/2026/09/10/%e3%82%a8%e3%83%ab%e3%83%90%e3%83%bc%e3%82%ba%e3%83%99%e3%83%ab%e3%82%af%e3%81%ae%e3%83%96%e3%83%b3%e3%83%87%e3%82%b9%e3%83%aa%e3%83%bc%e3%82%ac%e6%8c%91%e6%88%a6-%e3%83%90%e3%82%a4/,2026-09-10T09:27:46,
2116,プレミアリーグ移籍金歴代記録、最高額は£125Mのイサク？トップ10を一挙公開,data,3433,https://premier-blog.com/2026/08/26/%e3%83%97%e3%83%ac%e3%83%9f%e3%82%a2%e3%83%aa%e3%83%bc%e3%82%b0%e7%a7%bb%e7%b1%8d%e9%87%91%e6%ad%b4%e4%bb%a3%e8%a8%98%e9%8c%b2%e3%80%81%e6%9c%80%e9%ab%98%e9%a1%8d%e3%81%af125m%e3%81%ae%e3%82%a4/,2026-08-26T08:55:31,
2617,リシャルリソン、スパーズと契約紛争——ヴァスコ移籍破談で関係悪化,transfers,3439,https://premier-blog.com/2026/09/15/%e3%83%aa%e3%82%b7%e3%83%a3%e3%83%ab%e3%83%aa%e3%82%bd%e3%83%b3%e3%80%81%e3%82%b9%e3%83%91%e3%83%bc%e3%82%ba%e3%81%a8%e5%a5%91%e7%b4%84%e7%b4%9b%e4%ba%89-%e3%83%b4%e3%82%a1%e3%82%b9/,2026-09-15T09:42:55,
2007,マンチェスター・ユナイテッド、ブライトンのバレバ獲得に£7000万で合意,united,3451,https://premier-blog.com/2026/08/22/%e3%83%9e%e3%83%b3%e3%83%81%e3%82%a7%e3%82%b9%e3%82%bf%e3%83%bc%e3%83%bb%e3%83%a6%e3%83%8a%e3%82%a4%e3%83%86%e3%83%83%e3%83%89%e3%80%81%e3%83%96%e3%83%a9%e3%82%a4%e3%83%88%e3%83%b3%e3%81%ae%e3%83%90-2/,2026-08-22T10:51:12,
1541,ユナイテッドの£35mエデルソン獲得断念は「失敗」——キャリック監督に迫る中盤補強の真相,united,3460,https://premier-blog.com/2026/08/03/%e3%83%a6%e3%83%8a%e3%82%a4%e3%83%86%e3%83%83%e3%83%89%e3%81%ae35m%e3%82%a8%e3%83%87%e3%83%ab%e3%82%bd%e3%83%b3%e7%8d%b2%e5%be%97%e6%96%ad%e5%bf%b5%e3%81%af%e3%80%8c%e5%a4%b1%e6%95%97%e3%80%8d/,2026-08-03T09:49:47,
1206,チェルシー、モーガン・ロジャーズをアストン・ビラから£1億1700万で移籍合意,transfers,3461,https://premier-blog.com/2026/07/20/%e3%83%81%e3%82%a7%e3%83%ab%e3%82%b7%e3%83%bc%e3%80%81%e3%83%a2%e3%83%bc%e3%82%ac%e3%83%b3%e3%83%bb%e3%83%ad%e3%82%b8%e3%83%a3%e3%83%bc%e3%82%ba%e3%82%92%e3%82%a2%e3%82%b9%e3%83%88%e3%83%b3%e3%83%bb/,2026-07-20T19:48:35,
1880,マグワイア「ラッシュフォードは残ってほしい」— 426試合138ゴールの男の去就、1日で決まるか,united,3461,https://premier-blog.com/2026/08/17/%e3%83%9e%e3%82%b0%e3%83%af%e3%82%a4%e3%82%a2%e3%80%8c%e3%83%a9%e3%83%83%e3%82%b7%e3%83%a5%e3%83%95%e3%82%a9%e3%83%bc%e3%83%89%e3%81%af%e6%ae%8b%e3%81%a3%e3%81%a6%e3%81%bb%e3%81%97%e3%81%84%e3%80%8d/,2026-08-17T12:07:47,
1689,プレミアリーグ歴代アシスト王一覧｜シーズン別トップ選手と通算記録,column,3464,https://premier-blog.com/2026/08/07/%e3%83%96%e3%83%ab%e3%83%bc%e3%83%8e%e3%83%bb%e3%83%95%e3%82%a7%e3%83%ab%e3%83%8a%e3%83%b3%e3%83%87%e3%82%b9%e3%80%81%e3%83%97%e3%83%ac%e3%83%9f%e3%82%a2%e3%83%aa%e3%83%bc%e3%82%b01%e3%82%b7%e3%83%bc/,2026-08-07T10:26:34,
569,マテウス・フェルナンデス争奪戦激化——ユナイテッドとスパーズが9000万ユーロで競合,transfers,3468,https://premier-blog.com/2026/06/22/%e3%83%9e%e3%83%86%e3%82%a6%e3%82%b9%e3%83%bb%e3%83%95%e3%82%a7%e3%83%ab%e3%83%8a%e3%83%b3%e3%83%87%e3%82%b9%e4%ba%89%e5%a5%aa%e6%88%a6%e6%bf%80%e5%8c%96-%e3%83%a6%e3%83%8a%e3%82%a4/,2026-06-22T10:29:10,
527,ブライトン、スパーズのヴスコビッチに£4500万の改善オファー提示,transfers,3469,https://premier-blog.com/2026/06/20/%e3%83%96%e3%83%a9%e3%82%a4%e3%83%88%e3%83%b3%e3%80%81%e3%82%b9%e3%83%91%e3%83%bc%e3%82%ba%e3%81%ae%e3%83%b4%e3%82%b9%e3%82%b3%e3%83%93%e3%83%83%e3%83%81%e3%81%ab4500%e4%b8%87%e3%81%ae%e6%94%b9/,2026-06-20T12:17:04,
1429,マイケル・キャリック監督率いるマンUが8若手選手のブレイクを期待——2026-27プレシーズン最新情報,united,3471,https://premier-blog.com/2026/07/28/%e3%83%9e%e3%82%a4%e3%82%b1%e3%83%ab%e3%83%bb%e3%82%ad%e3%83%a3%e3%83%aa%e3%83%83%e3%82%af%e7%9b%a3%e7%9d%a3%e7%8e%87%e3%81%84%e3%82%8b%e3%83%9e%e3%83%b3u%e3%81%8c8%e8%8b%a5%e6%89%8b%e9%81%b8%e6%89%8b/,2026-07-28T08:31:08,
2592,ハビ・アロンソのチェルシー、移籍期限最終日に何が起きたのか,transfers,3474,https://premier-blog.com/2026/09/14/%e3%83%8f%e3%83%93%e3%83%bb%e3%82%a2%e3%83%ad%e3%83%b3%e3%82%bd%e3%81%ae%e3%83%81%e3%82%a7%e3%83%ab%e3%82%b7%e3%83%bc%e3%80%81%e7%a7%bb%e7%b1%8d%e6%9c%9f%e9%99%90%e6%9c%80%e7%b5%82%e6%97%a5%e3%81%ab/,2026-09-14T09:30:13,
1745,ユナイテッドとアーセナル、クルブ・ブルッヘSBセイスを巡り争奪戦か,united,3476,https://premier-blog.com/2026/08/10/%e3%83%a6%e3%83%8a%e3%82%a4%e3%83%86%e3%83%83%e3%83%89%e3%81%a8%e3%82%a2%e3%83%bc%e3%82%bb%e3%83%8a%e3%83%ab%e3%80%81%e3%82%af%e3%83%ab%e3%83%96%e3%83%bb%e3%83%96%e3%83%ab%e3%83%83%e3%83%98sb%e3%82%bb/,2026-08-10T08:53:02,
1659,ブルーノ・フェルナンデス、プレミアリーグ最多アシスト記録樹立とW杯での活躍,united,3480,https://premier-blog.com/2026/08/06/%e3%83%96%e3%83%ab%e3%83%bc%e3%83%8e%e3%83%bb%e3%83%95%e3%82%a7%e3%83%ab%e3%83%8a%e3%83%b3%e3%83%87%e3%82%b9%e3%80%81%e3%83%97%e3%83%ac%e3%83%9f%e3%82%a2%e3%83%aa%e3%83%bc%e3%82%b0%e6%9c%80%e5%a4%9a/,2026-08-06T10:08:20,
2237,マテウスン・マーツェン新契約提示へ——ユナイテッドの関心でビラが動いた,united,3480,https://premier-blog.com/2026/08/30/%e3%83%9e%e3%83%86%e3%82%a6%e3%82%b9%e3%83%b3%e3%83%bb%e3%83%9e%e3%83%bc%e3%83%84%e3%82%a7%e3%83%b3%e6%96%b0%e5%a5%91%e7%b4%84%e6%8f%90%e7%a4%ba%e3%81%b8-%e3%83%a6%e3%83%8a%e3%82%a4/,2026-08-30T09:55:52,
1023,マン・ユナイテッド、サントスを約48億円で完全移籍獲得＆ティーレマンス交渉も大詰め,united,3481,https://premier-blog.com/2026/07/14/%e3%83%9e%e3%83%b3%e3%83%bb%e3%83%a6%e3%83%8a%e3%82%a4%e3%83%86%e3%83%83%e3%83%89%e3%80%81%e3%82%b5%e3%83%b3%e3%83%88%e3%82%b9%e3%82%92%e7%b4%8448%e5%84%84%e5%86%86%e3%81%a7%e5%ae%8c%e5%85%a8%e7%a7%bb/,2026-07-14T22:59:20,
688,オナナ、トラブゾンスポルへ2度目ローン合意——マン・ユナイテッド、今夏5人目の主力放出へ,united,3483,https://premier-blog.com/2026/06/26/%e3%82%aa%e3%83%8a%e3%83%8a%e3%80%81%e3%83%88%e3%83%a9%e3%83%96%e3%82%be%e3%83%b3%e3%82%b9%e3%83%9d%e3%83%ab%e3%81%b82%e5%ba%a6%e7%9b%ae%e3%83%ad%e3%83%bc%e3%83%b3%e5%90%88%e6%84%8f/,2026-06-26T09:02:18,
1374,メイソン・マウント、ゴルフビジネスに正式参入――マンUプレシーズンも順調,column,3498,https://premier-blog.com/2026/07/27/%e3%83%a1%e3%82%a4%e3%82%bd%e3%83%b3%e3%83%bb%e3%83%9e%e3%82%a6%e3%83%b3%e3%83%88%e3%80%81%e3%82%b4%e3%83%ab%e3%83%95%e3%83%93%e3%82%b8%e3%83%8d%e3%82%b9%e3%81%ab%e6%ad%a3%e5%bc%8f%e5%8f%82%e5%85%a5/,2026-07-27T09:10:54,
572,PSGがリバプール争奪戦に参入：ディオマンデ移籍金1億1200万ポンドの攻防,europe,3500,https://premier-blog.com/2026/06/22/psg%e3%81%8c%e3%83%aa%e3%83%90%e3%83%97%e3%83%bc%e3%83%ab%e4%ba%89%e5%a5%aa%e6%88%a6%e3%81%ab%e5%8f%82%e5%85%a5%ef%bc%9a%e3%83%87%e3%82%a3%e3%82%aa%e3%83%9e%e3%83%b3%e3%83%87%e7%a7%bb%e7%b1%8d/,2026-06-22T10:29:08,
1180,オリバー・グラスナーがノッティンガム・フォレスト新監督に就任——クリスタル・パレスとの因縁も背景に,column,3501,https://premier-blog.com/2026/07/20/%e3%82%aa%e3%83%aa%e3%83%90%e3%83%bc%e3%83%bb%e3%82%b0%e3%83%a9%e3%82%b9%e3%83%8a%e3%83%bc%e3%81%8c%e3%83%8e%e3%83%83%e3%83%86%e3%82%a3%e3%83%b3%e3%82%ac%e3%83%a0%e3%83%bb%e3%83%95%e3%82%a9%e3%83%ac/,2026-07-20T19:48:46,
1384,レアル・マドリード、ヤン・ジオマンデ獲得へ1億2000万ユーロ提示——ライプツィヒは再び拒否,europe,3506,https://premier-blog.com/2026/07/27/%e3%83%ac%e3%82%a2%e3%83%ab%e3%83%bb%e3%83%9e%e3%83%89%e3%83%aa%e3%83%bc%e3%83%89%e3%80%81%e3%83%a4%e3%83%b3%e3%83%bb%e3%82%b8%e3%82%aa%e3%83%9e%e3%83%b3%e3%83%87%e7%8d%b2%e5%be%97%e3%81%b81%e5%84%842/,2026-07-27T09:10:48,
1979,マイケル・キャリック、開幕10日間が示すマンUの真価——難敵ハル・イプスウィッチ戦の焦点,united,3507,https://premier-blog.com/2026/08/21/%e3%83%9e%e3%82%a4%e3%82%b1%e3%83%ab%e3%83%bb%e3%82%ad%e3%83%a3%e3%83%aa%e3%83%83%e3%82%af%e3%80%81%e9%96%8b%e5%b9%9510%e6%97%a5%e9%96%93%e3%81%8c%e7%a4%ba%e3%81%99%e3%83%9e%e3%83%b3u%e3%81%ae/,2026-08-21T09:40:06,
965,マンチェスター・ユナイテッド、新スタジアムのネーミングライツ売却を正式表明——20億ポンド計画の資金調達戦略,united,3510,https://premier-blog.com/2026/07/10/%e3%83%9e%e3%83%b3%e3%83%81%e3%82%a7%e3%82%b9%e3%82%bf%e3%83%bc%e3%83%bb%e3%83%a6%e3%83%8a%e3%82%a4%e3%83%86%e3%83%83%e3%83%89%e3%80%81%e6%96%b0%e3%82%b9%e3%82%bf%e3%82%b8%e3%82%a2%e3%83%a0%e3%81%ae/,2026-07-10T09:59:48,
1721,ティールマンスがPSG戦デビュー26分で示した可能性——マン・ユナイテッドの中盤に新風,united,3513,https://premier-blog.com/2026/08/09/%e3%83%86%e3%82%a3%e3%83%bc%e3%83%ab%e3%83%9e%e3%83%b3%e3%82%b9%e3%81%8cpsg%e6%88%a6%e3%83%87%e3%83%93%e3%83%a5%e3%83%bc26%e5%88%86%e3%81%a7%e7%a4%ba%e3%81%97%e3%81%9f%e5%8f%af%e8%83%bd%e6%80%a7/,2026-08-09T09:15:47,
1252,マンチェスター・ユナイテッド、シーズンチケット「数千件」制限に激怒するサポーターたち,united,3518,https://premier-blog.com/2026/07/23/%e3%83%9e%e3%83%b3%e3%83%81%e3%82%a7%e3%82%b9%e3%82%bf%e3%83%bc%e3%83%bb%e3%83%a6%e3%83%8a%e3%82%a4%e3%83%86%e3%83%83%e3%83%89%e3%80%81%e3%82%b7%e3%83%bc%e3%82%ba%e3%83%b3%e3%83%81%e3%82%b1%e3%83%83/,2026-07-23T07:37:43,
2211,ユナイテッド移籍窓最終盤：若手続々放出、左SB補強は間に合うか,united,3519,https://premier-blog.com/2026/08/30/%e3%83%a6%e3%83%8a%e3%82%a4%e3%83%86%e3%83%83%e3%83%89%e7%a7%bb%e7%b1%8d%e7%aa%93%e6%9c%80%e7%b5%82%e7%9b%a4%ef%bc%9a%e8%8b%a5%e6%89%8b%e7%b6%9a%e3%80%85%e6%94%be%e5%87%ba%e3%80%81%e5%b7%a6sb%e8%a3%9c/,2026-08-30T09:56:10,
1520,レアル・ソシエダがクレイチ移籍オファー拒否されたウルブスに再交渉へ,transfers,3526,https://premier-blog.com/2026/08/01/%e3%83%ac%e3%82%a2%e3%83%ab%e3%83%bb%e3%82%bd%e3%82%b7%e3%82%a8%e3%83%80%e3%81%8c%e3%82%af%e3%83%ac%e3%82%a4%e3%83%81%e7%a7%bb%e7%b1%8d%e3%82%aa%e3%83%95%e3%82%a1%e3%83%bc%e6%8b%92%e5%90%a6%e3%81%95/,2026-08-01T13:11:49,
2405,マンチェスター・ユナイテッドがサンガレ獲得を見送った本当の理由,united,3528,https://premier-blog.com/2026/09/06/%e3%83%9e%e3%83%b3%e3%83%81%e3%82%a7%e3%82%b9%e3%82%bf%e3%83%bc%e3%83%bb%e3%83%a6%e3%83%8a%e3%82%a4%e3%83%86%e3%83%83%e3%83%89%e3%81%8c%e3%82%b5%e3%83%b3%e3%82%ac%e3%83%ac%e7%8d%b2%e5%be%97%e3%82%92/,2026-09-06T09:03:52,
2242,マン・ユナイテッド15歳のJJガブリエル、プレミアリーグ2デビュー戦で鮮烈なゴール,transfers,3530,https://premier-blog.com/2026/08/30/%e3%83%9e%e3%83%b3%e3%83%bb%e3%83%a6%e3%83%8a%e3%82%a4%e3%83%86%e3%83%83%e3%83%8915%e6%ad%b3%e3%81%aejj%e3%82%ac%e3%83%96%e3%83%aa%e3%82%a8%e3%83%ab%e3%80%81%e3%83%97%e3%83%ac%e3%83%9f%e3%82%a2/,2026-08-30T09:55:50,
2251,フリアン・アルバレス不在でもアトレティコ、セビージャ戦で圧巻の3得点,column,3538,https://premier-blog.com/2026/08/30/%e3%83%95%e3%83%aa%e3%82%a2%e3%83%b3%e3%83%bb%e3%82%a2%e3%83%ab%e3%83%90%e3%83%ac%e3%82%b9%e4%b8%8d%e5%9c%a8%e3%81%a7%e3%82%82%e3%82%a2%e3%83%88%e3%83%ac%e3%83%86%e3%82%a3%e3%82%b3%e3%80%81%e3%82%bb/,2026-08-30T09:55:45,
616,マンチェスター・ユナイテッド、10万人収容新スタジアム建設に向け土地取得が合意,united,3542,https://premier-blog.com/2026/06/23/%e3%83%9e%e3%83%b3%e3%83%81%e3%82%a7%e3%82%b9%e3%82%bf%e3%83%bc%e3%83%bb%e3%83%a6%e3%83%8a%e3%82%a4%e3%83%86%e3%83%83%e3%83%89%e3%80%8110%e4%b8%87%e4%ba%ba%e5%8f%8e%e5%ae%b9%e6%96%b0%e3%82%b9%e3%82%bf/,2026-06-23T17:22:02,
2026,ノッティンガム・フォレストがドドゥ獲得に向けフィオレンティーナへ接触——右サイドバック争奪戦に注目,tactics,3546,https://premier-blog.com/2026/08/22/%e3%83%8e%e3%83%83%e3%83%86%e3%82%a3%e3%83%b3%e3%82%ac%e3%83%a0%e3%83%bb%e3%83%95%e3%82%a9%e3%83%ac%e3%82%b9%e3%83%88%e3%81%8c%e3%83%89%e3%83%89%e3%82%a5%e7%8d%b2%e5%be%97%e3%81%ab%e5%90%91%e3%81%91/,2026-08-22T10:50:59,
2266,デッドラインデーの主役は移籍ではなく引き留め——ユナイテッドが動いたブルーノ契約交渉の中身,united,3546,https://premier-blog.com/2026/09/01/%e3%83%96%e3%83%ab%e3%83%bc%e3%83%8e%e3%83%bb%e3%83%95%e3%82%a7%e3%83%ab%e3%83%8a%e3%83%b3%e3%83%87%e3%82%b9%e6%96%b0%e5%a5%91%e7%b4%84%e4%ba%a4%e6%b8%89%e9%96%8b%e5%a7%8b-%e9%80%b1/,2026-09-01T10:07:33,
1138,マンU、エデルソン移籍が破談→再交渉へ。アタランタと£35m合意も医療検査で頓挫,united,3550,https://premier-blog.com/2026/07/18/%e3%83%9e%e3%83%b3u%e3%80%81%e3%82%a8%e3%83%87%e3%83%ab%e3%82%bd%e3%83%b3%e7%a7%bb%e7%b1%8d%e3%81%8c%e7%a0%b4%e8%ab%87%e2%86%92%e5%86%8d%e4%ba%a4%e6%b8%89%e3%81%b8%e3%80%82%e3%82%a2%e3%82%bf%e3%83%a9/,2026-07-18T09:16:53,
904,アストン・ビラ、モーガン・ロジャーズの移籍金は£80m超か——アーセナルとレアル・マドリードが獲得競争,column,3555,https://premier-blog.com/2026/07/07/%e3%82%a2%e3%82%b9%e3%83%88%e3%83%b3%e3%83%bb%e3%83%93%e3%83%a9%e3%80%81%e3%83%a2%e3%83%bc%e3%82%ac%e3%83%b3%e3%83%bb%e3%83%ad%e3%82%b8%e3%83%a3%e3%83%bc%e3%82%ba%e3%81%ae%e7%a7%bb%e7%b1%8d%e9%87%91/,2026-07-07T09:33:02,
2426,ユナイテッドのエバートン戦引き分けにキャリック監督が危機感―中盤補強の真価が問われる16日間,united,3557,https://premier-blog.com/2026/09/07/%e3%83%a6%e3%83%8a%e3%82%a4%e3%83%86%e3%83%83%e3%83%89%e3%81%ae%e3%82%a8%e3%83%90%e3%83%bc%e3%83%88%e3%83%b3%e6%88%a6%e5%bc%95%e3%81%8d%e5%88%86%e3%81%91%e3%81%ab%e3%82%ad%e3%83%a3%e3%83%aa%e3%83%83/,2026-09-07T08:58:10,
856,アストン・ビラ、マルティネス後継に鈴木彩艶とアレックス・レミロを調査中,transfers,3558,https://premier-blog.com/2026/07/04/%e3%82%a2%e3%82%b9%e3%83%88%e3%83%b3%e3%83%bb%e3%83%93%e3%83%a9%e3%80%81%e3%83%9e%e3%83%ab%e3%83%86%e3%82%a3%e3%83%8d%e3%82%b9%e5%be%8c%e7%b6%99%e3%81%ab%e9%88%b4%e6%9c%a8%e5%bd%a9%e8%89%b6%e3%81%a8/,2026-07-04T10:33:30,
598,W杯2026第1週：ハーランド2発でノルウェー初戦快勝、注目選手を総まとめ,column,3598,https://premier-blog.com/2026/06/22/w%e6%9d%af2026%e7%ac%ac1%e9%80%b1%ef%bc%9a%e3%83%8f%e3%83%bc%e3%83%a9%e3%83%b3%e3%83%892%e7%99%ba%e3%81%a7%e3%83%8e%e3%83%ab%e3%82%a6%e3%82%a7%e3%83%bc%e5%88%9d%e6%88%a6%e5%bf%ab%e5%8b%9d%e3%80%81/,2026-06-22T13:09:54,
2216,トッテナム、補強候補が続々浮上——デ・ゼルビ監督が移籍期限前に「もう1人」を要求,transfers,3613,https://premier-blog.com/2026/08/30/%e3%83%88%e3%83%83%e3%83%86%e3%83%8a%e3%83%a0%e3%80%81%e8%a3%9c%e5%bc%b7%e5%80%99%e8%a3%9c%e3%81%8c%e7%b6%9a%e3%80%85%e6%b5%ae%e4%b8%8a-%e3%83%87%e3%83%bb%e3%82%bc%e3%83%ab%e3%83%93/,2026-08-30T09:56:07,
629,ゴンサロ・ガルシア獲得争い勃発——マン・ユナイテッドとチェルシーがレアル・マドリード星に接触,united,3617,https://premier-blog.com/2026/06/23/%e3%82%b4%e3%83%b3%e3%82%b5%e3%83%ad%e3%83%bb%e3%82%ac%e3%83%ab%e3%82%b7%e3%82%a2%e7%8d%b2%e5%be%97%e4%ba%89%e3%81%84%e5%8b%83%e7%99%ba-%e3%83%9e%e3%83%b3%e3%83%bb%e3%83%a6%e3%83%8a/,2026-06-23T17:21:55,
713,マテウス・フェルナンデス争奪戦：マンU新オファーもトッテナムが£8000万で優勢,united,3627,https://premier-blog.com/2026/06/28/%e3%83%9e%e3%83%86%e3%82%a6%e3%82%b9%e3%83%bb%e3%83%95%e3%82%a7%e3%83%ab%e3%83%8a%e3%83%b3%e3%83%87%e3%82%b9%e4%ba%89%e5%a5%aa%e6%88%a6%ef%bc%9a%e3%83%9e%e3%83%b3u%e6%96%b0%e3%82%aa%e3%83%95%e3%82%a1/,2026-06-28T08:59:00,
779,ユナイテッドがサマービルに£5000万オファー、ラッシュフォード放出が条件,united,3628,https://premier-blog.com/2026/07/01/%e3%83%a6%e3%83%8a%e3%82%a4%e3%83%86%e3%83%83%e3%83%89%e3%81%8c%e3%82%b5%e3%83%9e%e3%83%bc%e3%83%93%e3%83%ab%e3%81%ab5000%e4%b8%87%e3%82%aa%e3%83%95%e3%82%a1%e3%83%bc%e3%80%81%e3%83%a9%e3%83%83/,2026-07-01T09:43:03,
2247,ケルン、ホッフェンハイム戦で圧巻の開幕白星－エル・マラ&#038;ダリンガが躍動,europe,3631,https://premier-blog.com/2026/08/30/%e3%82%b1%e3%83%ab%e3%83%b3%e3%80%81%e3%83%9b%e3%83%83%e3%83%95%e3%82%a7%e3%83%b3%e3%83%8f%e3%82%a4%e3%83%a0%e6%88%a6%e3%81%a7%e5%9c%a7%e5%b7%bb%e3%81%ae%e9%96%8b%e5%b9%95%e7%99%bd%e6%98%9f%ef%bc%8d/,2026-08-30T09:55:48,
788,ユベントス、エカトルの移籍交渉が大詰め——ジェノアと合意目前、メディカルも完了,europe,3636,https://premier-blog.com/2026/07/01/%e3%83%a6%e3%83%99%e3%83%b3%e3%83%88%e3%82%b9%e3%80%81%e3%82%a8%e3%82%ab%e3%83%88%e3%83%ab%e3%81%ae%e7%a7%bb%e7%b1%8d%e4%ba%a4%e6%b8%89%e3%81%8c%e5%a4%a7%e8%a9%b0%e3%82%81-%e3%82%b8/,2026-07-01T09:42:58,
2278,ラッシュフォード復活に迫る——マグワイアが語るユナイテッドへの価値,united,3637,https://premier-blog.com/2026/09/01/%e3%83%a9%e3%83%83%e3%82%b7%e3%83%a5%e3%83%95%e3%82%a9%e3%83%bc%e3%83%89%e5%be%a9%e6%b4%bb%e3%81%ab%e8%bf%ab%e3%82%8b-%e3%83%9e%e3%82%b0%e3%83%af%e3%82%a4%e3%82%a2%e3%81%8c%e8%aa%9e/,2026-09-01T10:07:28,
915,スペイン、メリーノのアディショナルタイム弾でポルトガルを1-0撃破・W杯準々決勝へ,united,3641,https://premier-blog.com/2026/07/07/%e3%82%b9%e3%83%9a%e3%82%a4%e3%83%b3%e3%80%81%e3%83%a1%e3%83%aa%e3%83%bc%e3%83%8e%e3%81%ae%e3%82%a2%e3%83%87%e3%82%a3%e3%82%b7%e3%83%a7%e3%83%8a%e3%83%ab%e3%82%bf%e3%82%a4%e3%83%a0%e5%bc%be%e3%81%a7/,2026-07-07T09:32:57,
2105,カラバオカップ3回戦抽選会：マンUとマンCが参戦、視聴方法と注目カードを解説,united,3650,https://premier-blog.com/2026/08/26/%e3%82%ab%e3%83%a9%e3%83%90%e3%82%aa%e3%82%ab%e3%83%83%e3%83%973%e5%9b%9e%e6%88%a6%e6%8a%bd%e9%81%b8%e4%bc%9a%ef%bc%9a%e3%83%9e%e3%83%b3u%e3%81%a8%e3%83%9e%e3%83%b3c%e3%81%8c%e5%8f%82%e6%88%a6/,2026-08-26T08:55:40,
2355,セスコ離脱で露呈したユナイテッドのFW不足問題——ジルクゼーはゴール前で機能せず,united,3652,https://premier-blog.com/2026/09/04/%e3%82%bb%e3%82%b9%e3%82%b3%e9%9b%a2%e8%84%b1%e3%81%a7%e9%9c%b2%e5%91%88%e3%81%97%e3%81%9f%e3%83%a6%e3%83%8a%e3%82%a4%e3%83%86%e3%83%83%e3%83%89%e3%81%aefw%e4%b8%8d%e8%b6%b3%e5%95%8f%e9%a1%8c/,2026-09-04T12:02:37,
2059,ルーニーがマイケル・キャリック体制のマンUに苦言　開幕戦ハル戦で何が起きたのか,united,3658,https://premier-blog.com/2026/08/24/%e3%83%ab%e3%83%bc%e3%83%8b%e3%83%bc%e3%81%8c%e3%83%9e%e3%82%a4%e3%82%b1%e3%83%ab%e3%83%bb%e3%82%ad%e3%83%a3%e3%83%aa%e3%83%83%e3%82%af%e4%bd%93%e5%88%b6%e3%81%ae%e3%83%9e%e3%83%b3u%e3%81%ab%e8%8b%a6/,2026-08-24T09:03:42,
2549,マンチェスター・ダービー前夜：マレスカが絶賛したユナイテッドの補強と、両軍の負傷者情報,united,3673,https://premier-blog.com/2026/09/12/%e3%83%9e%e3%83%b3%e3%83%81%e3%82%a7%e3%82%b9%e3%82%bf%e3%83%bc%e3%83%bb%e3%83%80%e3%83%bc%e3%83%93%e3%83%bc%e5%89%8d%e5%a4%9c%ef%bc%9a%e3%83%9e%e3%83%ac%e3%82%b9%e3%82%ab%e3%81%8c%e7%b5%b6%e8%b3%9b/,2026-09-12T09:45:15,
1590,フライブルク対マザーウェル、UEFAカンファレンスリーグPO抽選結果,europe,3685,https://premier-blog.com/2026/08/04/%e3%83%95%e3%83%a9%e3%82%a4%e3%83%96%e3%83%ab%e3%82%af%e5%af%be%e3%83%9e%e3%82%b6%e3%83%bc%e3%82%a6%e3%82%a7%e3%83%ab%e3%80%81uefa%e3%82%ab%e3%83%b3%e3%83%95%e3%82%a1%e3%83%ac%e3%83%b3%e3%82%b9/,2026-08-04T13:12:14,
2629,マン・ユナイテッド、ブライトン戦へのショー・デ・リフト復帰状況と最新負傷者情報,united,3685,https://premier-blog.com/2026/09/16/%e3%83%9e%e3%83%b3%e3%83%bb%e3%83%a6%e3%83%8a%e3%82%a4%e3%83%86%e3%83%83%e3%83%89%e3%80%81%e3%83%96%e3%83%a9%e3%82%a4%e3%83%88%e3%83%b3%e6%88%a6%e3%81%b8%e3%81%ae%e3%82%b7%e3%83%a7%e3%83%bc%e3%83%bb/,2026-09-16T10:13:12,
2113,ンクンク、RBライプツィヒへ期限付き移籍――ACミランから古巣復帰で再起を図る,europe,3686,https://premier-blog.com/2026/08/26/%e3%83%b3%e3%82%af%e3%83%b3%e3%82%af%e3%80%81rb%e3%83%a9%e3%82%a4%e3%83%97%e3%83%84%e3%82%a3%e3%83%92%e3%81%b8%e6%9c%9f%e9%99%90%e4%bb%98%e3%81%8d%e7%a7%bb%e7%b1%8d%e2%80%95%e2%80%95ac%e3%83%9f/,2026-08-26T08:55:34,
1066,ラッシュフォード、バルセロナ移籍不成立でW杯後の去就が焦点に,united,3691,https://premier-blog.com/2026/07/15/%e3%83%a9%e3%83%83%e3%82%b7%e3%83%a5%e3%83%95%e3%82%a9%e3%83%bc%e3%83%89%e3%80%81%e3%83%90%e3%83%ab%e3%82%bb%e3%83%ad%e3%83%8a%e7%a7%bb%e7%b1%8d%e4%b8%8d%e6%88%90%e7%ab%8b%e3%81%a7w%e6%9d%af%e5%be%8c/,2026-07-15T09:57:09,
1171,W杯2026イングランド完全ガイド：ケイン61ゴールの怪物、メキシコとの決戦へ,column,3694,https://premier-blog.com/2026/07/18/w%e6%9d%af2026%e3%82%a4%e3%83%b3%e3%82%b0%e3%83%a9%e3%83%b3%e3%83%89%e5%ae%8c%e5%85%a8%e3%82%ac%e3%82%a4%e3%83%89%ef%bc%9a%e3%82%b1%e3%82%a4%e3%83%b361%e3%82%b4%e3%83%bc%e3%83%ab%e3%81%ae%e6%80%aa/,2026-07-18T09:16:36,
2109,バレバ、マン・ユナイテッドへ7000万ポンドで移籍完了——今夏の中盤補強費が約1億5000万ポンドに,united,3696,https://premier-blog.com/2026/08/26/%e3%83%90%e3%83%ac%e3%83%90%e3%80%81%e3%83%9e%e3%83%b3%e3%83%bb%e3%83%a6%e3%83%8a%e3%82%a4%e3%83%86%e3%83%83%e3%83%89%e3%81%b87000%e4%b8%87%e3%83%9d%e3%83%b3%e3%83%89%e3%81%a7%e7%a7%bb%e7%b1%8d/,2026-08-26T08:55:37,
2309,リバプール、サールに£75m要求のパレスと交渉継続——移籍期限前夜の攻防,transfers,3699,https://premier-blog.com/2026/09/02/%e3%83%aa%e3%83%90%e3%83%97%e3%83%bc%e3%83%ab%e3%80%81%e3%82%b5%e3%83%bc%e3%83%ab%e3%81%ab75m%e8%a6%81%e6%b1%82%e3%81%ae%e3%83%91%e3%83%ac%e3%82%b9%e3%81%a8%e4%ba%a4%e6%b8%89%e7%b6%99%e7%b6%9a/,2026-09-02T09:37:45,
1984,マンチェスター・ユナイテッド15歳の天才JJガブリエル、新契約交渉進行中——U18で23試合21ゴールの怪物,united,3706,https://premier-blog.com/2026/08/21/%e3%83%9e%e3%83%b3%e3%83%81%e3%82%a7%e3%82%b9%e3%82%bf%e3%83%bc%e3%83%bb%e3%83%a6%e3%83%8a%e3%82%a4%e3%83%86%e3%83%83%e3%83%8915%e6%ad%b3%e3%81%ae%e5%a4%a9%e6%89%8djj%e3%82%ac%e3%83%96%e3%83%aa/,2026-08-21T09:40:03,
2633,マンチェスター・ダービーVARミス、ウェッブが「トンネルビジョン」と認める,united,3721,https://premier-blog.com/2026/09/16/%e3%83%9e%e3%83%b3%e3%83%81%e3%82%a7%e3%82%b9%e3%82%bf%e3%83%bc%e3%83%bb%e3%83%80%e3%83%bc%e3%83%93%e3%83%bcvar%e3%83%9f%e3%82%b9%e3%80%81%e3%82%a6%e3%82%a7%e3%83%83%e3%83%96%e3%81%8c%e3%80%8c/,2026-09-16T10:13:10,
842,W杯2026イングランド完全ガイド：ハリー・ケイン61ゴールとトゥヘルの挑戦,column,3724,https://premier-blog.com/2026/07/03/w%e6%9d%af2026%e3%82%a4%e3%83%b3%e3%82%b0%e3%83%a9%e3%83%b3%e3%83%89%e5%ae%8c%e5%85%a8%e3%82%ac%e3%82%a4%e3%83%89%ef%bc%9a%e3%83%8f%e3%83%aa%e3%83%bc%e3%83%bb%e3%82%b1%e3%82%a4%e3%83%b361%e3%82%b4/,2026-07-03T13:56:37,
2183,UCLドロー解説：マン・ユナイテッドはバイエルン、シティはPSG＆バルサと激突,united,3732,https://premier-blog.com/2026/08/29/ucl%e3%83%89%e3%83%ad%e3%83%bc%e8%a7%a3%e8%aa%ac%ef%bc%9a%e3%83%9e%e3%83%b3%e3%83%bb%e3%83%a6%e3%83%8a%e3%82%a4%e3%83%86%e3%83%83%e3%83%89%e3%81%af%e3%83%90%e3%82%a4%e3%82%a8%e3%83%ab%e3%83%b3/,2026-08-29T09:27:00,
2358,マンチェスター・ユナイテッド、開幕白星ならず——左SB問題と£1bn超の債務が今季を縛る,united,3733,https://premier-blog.com/2026/09/04/%e3%83%9e%e3%83%b3%e3%83%81%e3%82%a7%e3%82%b9%e3%82%bf%e3%83%bc%e3%83%bb%e3%83%a6%e3%83%8a%e3%82%a4%e3%83%86%e3%83%83%e3%83%89%e3%80%81%e9%96%8b%e5%b9%95%e7%99%bd%e6%98%9f%e3%81%aa%e3%82%89%e3%81%9a/,2026-09-04T12:02:35,
1771,マン・ユナイテッド対リーズ、クロークパーク親善試合は開催危機,united,3738,https://premier-blog.com/2026/08/11/%e3%83%9e%e3%83%b3%e3%83%bb%e3%83%a6%e3%83%8a%e3%82%a4%e3%83%86%e3%83%83%e3%83%89%e5%af%be%e3%83%aa%e3%83%bc%e3%82%ba%e3%80%81%e3%82%af%e3%83%ad%e3%83%bc%e3%82%af%e3%83%91%e3%83%bc%e3%82%af%e8%a6%aa/,2026-08-11T09:00:47,
648,チェルシー、マルコ・パレストラを約43億円で獲得へ——アロンソ体制初補強が秒読み,transfers,3741,https://premier-blog.com/2026/06/25/%e3%83%81%e3%82%a7%e3%83%ab%e3%82%b7%e3%83%bc%e3%80%81%e3%83%9e%e3%83%ab%e3%82%b3%e3%83%bb%e3%83%91%e3%83%ac%e3%82%b9%e3%83%88%e3%83%a9%e3%82%92%e7%b4%8443%e5%84%84%e5%86%86%e3%81%a7%e7%8d%b2%e5%be%97/,2026-06-25T09:02:30,
1134,マンチェスター・ユナイテッド、カール・ダーロウをフリーで獲得——2夏目の補強完了,united,3741,https://premier-blog.com/2026/07/17/%e3%83%9e%e3%83%b3%e3%83%81%e3%82%a7%e3%82%b9%e3%82%bf%e3%83%bc%e3%83%bb%e3%83%a6%e3%83%8a%e3%82%a4%e3%83%86%e3%83%83%e3%83%89%e3%80%81%e3%82%ab%e3%83%bc%e3%83%ab%e3%83%bb%e3%83%80%e3%83%bc%e3%83%ad/,2026-07-17T10:38:04,
816,マンチェスター・ユナイテッド、エデルソン£35m合意も補強ゼロ継続——夏の移籍市場に何が起きているのか,united,3745,https://premier-blog.com/2026/07/02/%e3%83%9e%e3%83%b3%e3%83%81%e3%82%a7%e3%82%b9%e3%82%bf%e3%83%bc%e3%83%bb%e3%83%a6%e3%83%8a%e3%82%a4%e3%83%86%e3%83%83%e3%83%89%e3%80%81%e3%82%a8%e3%83%87%e3%83%ab%e3%82%bd%e3%83%b335m%e5%90%88/,2026-07-02T09:00:36,
2191,ヤン・ディオマンデ加入で問われるモウリーニョのマドリード再建——125億円の新戦力に早くも疑問符,europe,3746,https://premier-blog.com/2026/08/29/%e3%83%a4%e3%83%b3%e3%83%bb%e3%83%87%e3%82%a3%e3%82%aa%e3%83%9e%e3%83%b3%e3%83%87%e5%8a%a0%e5%85%a5%e3%81%a7%e5%95%8f%e3%82%8f%e3%82%8c%e3%82%8b%e3%83%a2%e3%82%a6%e3%83%aa%e3%83%bc%e3%83%8b%e3%83%a7/,2026-08-29T09:26:54,
1786,ジェド・スペンス争奪戦：インテル、条件次第でオファー準備——リバプール、マンUも浮上の複雑な三角関係,transfers,3756,https://premier-blog.com/2026/08/11/%e3%82%b8%e3%82%a7%e3%83%89%e3%83%bb%e3%82%b9%e3%83%9a%e3%83%b3%e3%82%b9%e4%ba%89%e5%a5%aa%e6%88%a6%ef%bc%9a%e3%82%a4%e3%83%b3%e3%83%86%e3%83%ab%e3%80%81%e6%9d%a1%e4%bb%b6%e6%ac%a1%e7%ac%ac%e3%81%a7/,2026-08-11T15:21:23,
2147,リバプールがミンテに£80m提示要求、ガクポにはシティとスパーズが関心,transfers,3758,https://premier-blog.com/2026/08/28/%e3%83%aa%e3%83%90%e3%83%97%e3%83%bc%e3%83%ab%e3%81%8c%e3%83%9f%e3%83%b3%e3%83%86%e3%81%ab80m%e6%8f%90%e7%a4%ba%e8%a6%81%e6%b1%82%e3%80%81%e3%82%ac%e3%82%af%e3%83%9d%e3%81%ab%e3%81%af%e3%82%b7/,2026-08-28T09:24:54,
1536,ベン・ホワイト、マン・ユナイテッドが£52m正式オファー準備——アルテタは「断腸の売却」受け入れへ,united,3771,https://premier-blog.com/2026/08/03/%e3%83%99%e3%83%b3%e3%83%bb%e3%83%9b%e3%83%af%e3%82%a4%e3%83%88%e3%80%81%e3%83%9e%e3%83%b3%e3%83%bb%e3%83%a6%e3%83%8a%e3%82%a4%e3%83%86%e3%83%83%e3%83%89%e3%81%8c52m%e6%ad%a3%e5%bc%8f%e3%82%aa/,2026-08-03T09:49:49,
900,ハリー・ケイン、W杯2026でイングランドを牽引——61ゴールの怪物がバロンドールに挑む,column,3775,https://premier-blog.com/2026/07/06/%e3%83%8f%e3%83%aa%e3%83%bc%e3%83%bb%e3%82%b1%e3%82%a4%e3%83%b3%e3%80%81w%e6%9d%af2026%e3%81%a7%e3%82%a4%e3%83%b3%e3%82%b0%e3%83%a9%e3%83%b3%e3%83%89%e3%82%92%e7%89%bd%e5%bc%95-61/,2026-07-06T10:30:45,
2202,マン・ユナイテッド負傷情報まとめ：イプスウィッチ戦へ向けた最新離脱者状況,united,3782,https://premier-blog.com/2026/08/30/%e3%83%9e%e3%83%b3%e3%83%bb%e3%83%a6%e3%83%8a%e3%82%a4%e3%83%86%e3%83%83%e3%83%89%e8%b2%a0%e5%82%b7%e6%83%85%e5%a0%b1%e3%81%be%e3%81%a8%e3%82%81%ef%bc%9a%e3%82%a4%e3%83%97%e3%82%b9%e3%82%a6%e3%82%a3/,2026-08-30T09:56:19,
1292,W杯グループステージ得点ランク：パレスとサンダーランドが各7点でプレミア首位,column,3791,https://premier-blog.com/2026/07/23/w%e6%9d%af%e3%82%b0%e3%83%ab%e3%83%bc%e3%83%97%e3%82%b9%e3%83%86%e3%83%bc%e3%82%b8%e5%be%97%e7%82%b9%e3%83%a9%e3%83%b3%e3%82%af%ef%bc%9a%e3%83%91%e3%83%ac%e3%82%b9%e3%81%a8%e3%82%b5%e3%83%b3%e3%83%80/,2026-07-23T17:32:02,
2394,マンチェスター・ユナイテッド、資金格差をどう乗り越えるか――マイケル・キャリックの戦略とは,united,3791,https://premier-blog.com/2026/09/06/%e3%83%9e%e3%83%b3%e3%83%81%e3%82%a7%e3%82%b9%e3%82%bf%e3%83%bc%e3%83%bb%e3%83%a6%e3%83%8a%e3%82%a4%e3%83%86%e3%83%83%e3%83%89%e3%80%81%e8%b3%87%e9%87%91%e6%a0%bc%e5%b7%ae%e3%82%92%e3%81%a9%e3%81%86/,2026-09-06T09:03:59,
2517,ラッシュフォード復活で£7000万FWを「タダ同然」で得たユナイテッドの思惑,united,3796,https://premier-blog.com/2026/09/11/%e3%83%a9%e3%83%83%e3%82%b7%e3%83%a5%e3%83%95%e3%82%a9%e3%83%bc%e3%83%89%e5%be%a9%e6%b4%bb%e3%81%a77000%e4%b8%87fw%e3%82%92%e3%80%8c%e3%82%bf%e3%83%80%e5%90%8c%e7%84%b6%e3%80%8d%e3%81%a7%e5%be%97/,2026-09-11T10:19:06,
1801,ブルーノ・フェルナンデス最新情報：57m£リリース条項の攻防とPSG・バイエルン争奪戦の行方,united,3797,https://premier-blog.com/2026/08/13/%e3%83%96%e3%83%ab%e3%83%bc%e3%83%8e%e3%83%bb%e3%83%95%e3%82%a7%e3%83%ab%e3%83%8a%e3%83%b3%e3%83%87%e3%82%b9%e6%9c%80%e6%96%b0%e6%83%85%e5%a0%b1%ef%bc%9a57m%e3%83%aa%e3%83%aa%e3%83%bc%e3%82%b9/,2026-08-13T09:20:15,
2179,マンチェスター・ユナイテッドとトッテナムがブンデスリーガのストライカー争奪戦,united,3802,https://premier-blog.com/2026/08/29/%e3%83%9e%e3%83%b3%e3%83%81%e3%82%a7%e3%82%b9%e3%82%bf%e3%83%bc%e3%83%bb%e3%83%a6%e3%83%8a%e3%82%a4%e3%83%86%e3%83%83%e3%83%89%e3%81%a8%e3%83%88%e3%83%83%e3%83%86%e3%83%8a%e3%83%a0%e3%81%8c%e3%83%96/,2026-08-29T09:27:06,
2569,マンチェスター・ダービー前夜——ピッチ外で繰り広げられる「ユース戦争」の最前線,united,3810,https://premier-blog.com/2026/09/13/%e3%83%9e%e3%83%b3%e3%83%81%e3%82%a7%e3%82%b9%e3%82%bf%e3%83%bc%e3%83%bb%e3%83%80%e3%83%bc%e3%83%93%e3%83%bc%e5%89%8d%e5%a4%9c-%e3%83%94%e3%83%83%e3%83%81%e5%a4%96%e3%81%a7%e7%b9%b0/,2026-09-13T10:03:20,
675,コビー・メイヌー、W杯2026に挑む——逆境越え2031年まで新契約、イングランドの夢を語る,united,3843,https://premier-blog.com/2026/06/26/%e3%82%b3%e3%83%93%e3%83%bc%e3%83%bb%e3%83%a1%e3%82%a4%e3%83%8c%e3%83%bc%e3%80%81w%e6%9d%af2026%e3%81%ab%e6%8c%91%e3%82%80-%e9%80%86%e5%a2%83%e8%b6%8a%e3%81%882031%e5%b9%b4%e3%81%be/,2026-06-26T09:02:21,
2136,マン・ユナイテッド、カマヴィンガ獲得に向けオファー準備か――バルデ交渉も浮上、移籍市場最終盤の補強戦略,united,3844,https://premier-blog.com/2026/08/27/%e3%83%9e%e3%83%b3%e3%83%bb%e3%83%a6%e3%83%8a%e3%82%a4%e3%83%86%e3%83%83%e3%83%89%e3%80%81%e3%82%ab%e3%83%9e%e3%83%b4%e3%82%a3%e3%83%b3%e3%82%ac%e7%8d%b2%e5%be%97%e3%81%ab%e5%90%91%e3%81%91%e3%82%aa/,2026-08-27T10:37:05,
1717,プレミアリーグ 無敗記録の歴史：アーセナル49戦、リバプール44戦の全貌,column,3859,https://premier-blog.com/2026/08/08/%e3%83%97%e3%83%ac%e3%83%9f%e3%82%a2%e3%83%aa%e3%83%bc%e3%82%b0-%e7%84%a1%e6%95%97%e8%a8%98%e9%8c%b2%e3%81%ae%e6%ad%b4%e5%8f%b2%ef%bc%9a%e3%82%a2%e3%83%bc%e3%82%bb%e3%83%8a%e3%83%ab49%e6%88%a6/,2026-08-08T09:43:07,
538,アーセナルがスポルティングMFヒュルマンド争奪戦参入、移籍金5200万ポンドでユナイテッドと激突,united,3872,https://premier-blog.com/2026/06/21/%e3%82%a2%e3%83%bc%e3%82%bb%e3%83%8a%e3%83%ab%e3%81%8c%e3%82%b9%e3%83%9d%e3%83%ab%e3%83%86%e3%82%a3%e3%83%b3%e3%82%b0mf%e3%83%92%e3%83%a5%e3%83%ab%e3%83%9e%e3%83%b3%e3%83%89%e4%ba%89%e5%a5%aa%e6%88%a6/,2026-06-21T09:42:14,
1923,ガビ、マン・ユナイテッド移籍を拒否――£3500万提示も「バルサ残留」を明言,united,3875,https://premier-blog.com/2026/08/19/%e3%82%ac%e3%83%93%e3%80%81%e3%83%9e%e3%83%b3%e3%83%bb%e3%83%a6%e3%83%8a%e3%82%a4%e3%83%86%e3%83%83%e3%83%89%e7%a7%bb%e7%b1%8d%e3%82%92%e6%8b%92%e5%90%a6%e2%80%95%e2%80%953500%e4%b8%87%e6%8f%90/,2026-08-19T09:03:15,
887,マン・ユナイテッド、チェルシーのアンドレイ・サントスを5000万ポンドで獲得へ動く,united,3881,https://premier-blog.com/2026/07/06/%e3%83%9e%e3%83%b3%e3%83%bb%e3%83%a6%e3%83%8a%e3%82%a4%e3%83%86%e3%83%83%e3%83%89%e3%80%81%e3%83%81%e3%82%a7%e3%83%ab%e3%82%b7%e3%83%bc%e3%81%ae%e3%82%a2%e3%83%b3%e3%83%89%e3%83%ac%e3%82%a4%e3%83%bb/,2026-07-06T10:30:52,
2226,バイエルン、今季初戦で圧巻の快勝！オリーズ弾＆キミッヒ・サイバリのアシストに熱視線,europe,3892,https://premier-blog.com/2026/08/30/%e3%83%90%e3%82%a4%e3%82%a8%e3%83%ab%e3%83%b3%e3%80%81%e4%bb%8a%e5%ad%a3%e5%88%9d%e6%88%a6%e3%81%a7%e5%9c%a7%e5%b7%bb%e3%81%ae%e5%bf%ab%e5%8b%9d%ef%bc%81%e3%82%aa%e3%83%aa%e3%83%bc%e3%82%ba%e5%bc%be/,2026-08-30T09:56:01,
2040,マンチェスター・ユナイテッド、開幕戦で昇格組に衝撃の完封負け——キャリック監督の真価が問われる,united,3895,https://premier-blog.com/2026/08/23/%e3%83%9e%e3%83%b3%e3%83%81%e3%82%a7%e3%82%b9%e3%82%bf%e3%83%bc%e3%83%bb%e3%83%a6%e3%83%8a%e3%82%a4%e3%83%86%e3%83%83%e3%83%89%e3%80%81%e9%96%8b%e5%b9%95%e6%88%a6%e3%81%a7%e6%98%87%e6%a0%bc%e7%b5%84/,2026-08-23T09:15:46,
1575,メイソン・マウントがユナイテッド中盤の3枚目に？サントスとの連携でプレシーズン急浮上,united,3897,https://premier-blog.com/2026/08/04/%e3%83%a1%e3%82%a4%e3%82%bd%e3%83%b3%e3%83%bb%e3%83%9e%e3%82%a6%e3%83%b3%e3%83%88%e3%81%8c%e3%83%a6%e3%83%8a%e3%82%a4%e3%83%86%e3%83%83%e3%83%89%e4%b8%ad%e7%9b%a4%e3%81%ae3%e6%9e%9a%e7%9b%ae%e3%81%ab/,2026-08-04T13:12:23,
2318,ハーヴェイ・エリオット、バレンシアへのローン移籍が濃厚に——リバプール離脱の舞台裏,column,3903,https://premier-blog.com/2026/09/02/%e3%83%8f%e3%83%bc%e3%83%b4%e3%82%a7%e3%82%a4%e3%83%bb%e3%82%a8%e3%83%aa%e3%82%aa%e3%83%83%e3%83%88%e3%80%81%e3%83%90%e3%83%ac%e3%83%b3%e3%82%b7%e3%82%a2%e3%81%b8%e3%81%ae%e3%83%ad%e3%83%bc%e3%83%b3/,2026-09-02T09:37:39,
1564,デ・リフト、背中の手術でW杯出場断念——マンUの新シーズン序盤も欠場へ,united,3911,https://premier-blog.com/2026/08/03/%e3%83%87%e3%83%bb%e3%83%aa%e3%83%95%e3%83%88%e3%80%81%e8%83%8c%e4%b8%ad%e3%81%ae%e6%89%8b%e8%a1%93%e3%81%a7w%e6%9d%af%e5%87%ba%e5%a0%b4%e6%96%ad%e5%bf%b5-%e3%83%9e%e3%83%b3u%e3%81%ae/,2026-08-03T09:49:35,
1087,トロサール、ベジクタシュへ£1530万で移籍確定——アーセナルは後継者争奪戦へ,column,3916,https://premier-blog.com/2026/07/16/%e3%83%88%e3%83%ad%e3%82%b5%e3%83%bc%e3%83%ab%e3%80%81%e3%83%99%e3%82%b8%e3%82%af%e3%82%bf%e3%82%b7%e3%83%a5%e3%81%b81530%e4%b8%87%e3%81%a7%e7%a7%bb%e7%b1%8d%e7%a2%ba%e5%ae%9a/,2026-07-16T13:20:03,
2476,ハビ・アロンソ体制チェルシー、1月に€50m超のアレックス・スコット獲得へ動く,transfers,3923,https://premier-blog.com/2026/09/08/%e3%83%8f%e3%83%93%e3%83%bb%e3%82%a2%e3%83%ad%e3%83%b3%e3%82%bd%e4%bd%93%e5%88%b6%e3%83%81%e3%82%a7%e3%83%ab%e3%82%b7%e3%83%bc%e3%80%811%e6%9c%88%e3%81%abe50m%e8%b6%85%e3%81%ae%e3%82%a2%e3%83%ac/,2026-09-08T11:03:06,
851,ジャロッド・ボウエン争奪戦：ウェストハム降格で移籍金53億円、マン・ユナイテッドが最有力,united,3929,https://premier-blog.com/2026/07/04/%e3%82%b8%e3%83%a3%e3%83%ad%e3%83%83%e3%83%89%e3%83%bb%e3%83%9c%e3%82%a6%e3%82%a8%e3%83%b3%e4%ba%89%e5%a5%aa%e6%88%a6%ef%bc%9a%e3%82%a6%e3%82%a7%e3%82%b9%e3%83%88%e3%83%8f%e3%83%a0%e9%99%8d%e6%a0%bc/,2026-07-04T10:33:32,
1165,マイケル・キャリック監督就任！マンチェスター・ユナイテッド2026-27スカッド完全分析,united,3950,https://premier-blog.com/2026/07/18/%e3%83%9e%e3%82%a4%e3%82%b1%e3%83%ab%e3%83%bb%e3%82%ad%e3%83%a3%e3%83%aa%e3%83%83%e3%82%af%e7%9b%a3%e7%9d%a3%e5%b0%b1%e4%bb%bb%ef%bc%81%e3%83%9e%e3%83%b3%e3%83%81%e3%82%a7%e3%82%b9%e3%82%bf%e3%83%bc/,2026-07-18T09:16:41,
2638,マンチェスターダービーVARハーランドゴール問題、審判責任者ウェッブが公開説明へ,united,3954,https://premier-blog.com/2026/09/16/%e3%83%9e%e3%83%b3%e3%83%81%e3%82%a7%e3%82%b9%e3%82%bf%e3%83%bc%e3%83%80%e3%83%bc%e3%83%93%e3%83%bcvar%e3%83%8f%e3%83%bc%e3%83%a9%e3%83%b3%e3%83%89%e3%82%b4%e3%83%bc%e3%83%ab%e5%95%8f%e9%a1%8c/,2026-09-16T10:13:07,
1105,W杯2026全48カ国スカッド確定：イングランドは3選手欠場、スコットランドは敗退,column,3955,https://premier-blog.com/2026/07/16/w%e6%9d%af2026%e5%85%a848%e3%82%ab%e5%9b%bd%e3%82%b9%e3%82%ab%e3%83%83%e3%83%89%e7%a2%ba%e5%ae%9a%ef%bc%9a%e3%82%a4%e3%83%b3%e3%82%b0%e3%83%a9%e3%83%b3%e3%83%89%e3%81%af3%e9%81%b8%e6%89%8b%e6%ac%a0/,2026-07-16T13:19:54,
2608,マンチェスターダービー：VARの二重誤審とフォーデン退場を巡り論争が加熱,united,3959,https://premier-blog.com/2026/09/15/%e3%83%9e%e3%83%b3%e3%83%81%e3%82%a7%e3%82%b9%e3%82%bf%e3%83%bc%e3%83%80%e3%83%bc%e3%83%93%e3%83%bc%ef%bc%9avar%e3%81%ae%e4%ba%8c%e9%87%8d%e8%aa%a4%e5%af%a9%e3%81%a8%e3%83%95%e3%82%a9%e3%83%bc/,2026-09-15T09:42:57,
2270,スコールズが緊急警告、マン・ユナイテッドの左サイドに£7500万補強の必要性,united,3963,https://premier-blog.com/2026/09/01/%e3%82%b9%e3%82%b3%e3%83%bc%e3%83%ab%e3%82%ba%e3%81%8c%e7%b7%8a%e6%80%a5%e8%ad%a6%e5%91%8a%e3%80%81%e3%83%9e%e3%83%b3%e3%83%bb%e3%83%a6%e3%83%8a%e3%82%a4%e3%83%86%e3%83%83%e3%83%89%e3%81%ae%e5%b7%a6/,2026-09-01T10:07:32,
542,イプスウィッチ新監督にゲイリー・オニール就任へ、キーラン・マクケナ辞任後の後継者探し,united,3967,https://premier-blog.com/2026/06/21/%e3%82%a4%e3%83%97%e3%82%b9%e3%82%a6%e3%82%a3%e3%83%83%e3%83%81%e6%96%b0%e7%9b%a3%e7%9d%a3%e3%81%ab%e3%82%b2%e3%82%a4%e3%83%aa%e3%83%bc%e3%83%bb%e3%82%aa%e3%83%8b%e3%83%bc%e3%83%ab%e5%b0%b1%e4%bb%bb/,2026-06-21T09:42:12,
2410,エンツォ・フェルナンデス、£1億2500万でマンCへ移籍確定——英国記録に並ぶ衝撃の大型補強,transfers,3969,https://premier-blog.com/2026/09/06/%e3%82%a8%e3%83%b3%e3%83%84%e3%82%a9%e3%83%bb%e3%83%95%e3%82%a7%e3%83%ab%e3%83%8a%e3%83%b3%e3%83%87%e3%82%b9%e3%80%811%e5%84%842500%e4%b8%87%e3%81%a7%e3%83%9e%e3%83%b3c%e3%81%b8%e7%a7%bb%e7%b1%8d/,2026-09-06T09:03:50,
1728,ムベウモ3戦3ゴール、マウントの負傷が影――マン・ユナイテッドvsパリSG 1-1,united,3975,https://premier-blog.com/2026/08/09/%e3%83%a0%e3%83%99%e3%82%a6%e3%83%a23%e6%88%a63%e3%82%b4%e3%83%bc%e3%83%ab%e3%80%81%e3%83%9e%e3%82%a6%e3%83%b3%e3%83%88%e3%81%ae%e8%b2%a0%e5%82%b7%e3%81%8c%e5%bd%b1%e2%80%95%e2%80%95%e3%83%9e%e3%83%b3/,2026-08-09T09:15:41,
2525,ルイス・ホール5年契約合意でユナイテッドに打撃、マテウス・フェルナンデス£8500万でスパーズ加入,transfers,3975,https://premier-blog.com/2026/09/11/%e3%83%ab%e3%82%a4%e3%82%b9%e3%83%bb%e3%83%9b%e3%83%bc%e3%83%ab5%e5%b9%b4%e5%a5%91%e7%b4%84%e5%90%88%e6%84%8f%e3%81%a7%e3%83%a6%e3%83%8a%e3%82%a4%e3%83%86%e3%83%83%e3%83%89%e3%81%ab%e6%89%93%e6%92%83/,2026-09-11T10:19:03,
1593,マンチェスター・ユナイテッドの移籍金歴代最高額ランキングと「超高額選手」の実像,united,3988,https://premier-blog.com/2026/08/04/%e3%83%9e%e3%83%b3%e3%83%81%e3%82%a7%e3%82%b9%e3%82%bf%e3%83%bc%e3%83%bb%e3%83%a6%e3%83%8a%e3%82%a4%e3%83%86%e3%83%83%e3%83%89%e3%81%ae%e7%a7%bb%e7%b1%8d%e9%87%91%e6%ad%b4%e4%bb%a3%e6%9c%80%e9%ab%98/,2026-08-04T13:12:12,
602,センヌ・ラメンス、ベルギーA代表デビューも果たしたマン・ユナイテッドの正守護神,united,3991,https://premier-blog.com/2026/06/22/%e3%82%bb%e3%83%b3%e3%83%8c%e3%83%bb%e3%83%a9%e3%83%a1%e3%83%b3%e3%82%b9%e3%80%81%e3%83%99%e3%83%ab%e3%82%ae%e3%83%bca%e4%bb%a3%e8%a1%a8%e3%83%87%e3%83%93%e3%83%a5%e3%83%bc%e3%82%82%e6%9e%9c%e3%81%9f/,2026-06-22T13:09:52,
2069,ハル・シティ、プレミア復帰戦でマン・ユナイテッドに衝撃の完封勝利——秘密作戦の全貌とは,united,3995,https://premier-blog.com/2026/08/25/%e3%83%8f%e3%83%ab%e3%83%bb%e3%82%b7%e3%83%86%e3%82%a3%e3%80%81%e3%83%97%e3%83%ac%e3%83%9f%e3%82%a2%e5%be%a9%e5%b8%b0%e6%88%a6%e3%81%a7%e3%83%9e%e3%83%b3%e3%83%bb%e3%83%a6%e3%83%8a%e3%82%a4%e3%83%86/,2026-08-25T09:02:39,
1571,マンチェスター・ユナイテッド、ルイス・ホール獲得追求＆クープマイナーズも浮上——中盤再建の全貌,united,4005,https://premier-blog.com/2026/08/04/%e3%83%9e%e3%83%b3%e3%83%81%e3%82%a7%e3%82%b9%e3%82%bf%e3%83%bc%e3%83%bb%e3%83%a6%e3%83%8a%e3%82%a4%e3%83%86%e3%83%83%e3%83%89%e3%80%81%e3%83%ab%e3%82%a4%e3%82%b9%e3%83%bb%e3%83%9b%e3%83%bc%e3%83%ab/,2026-08-04T13:12:27,
2296,マンチェスター・ユナイテッド vs イプスウィッチ・タウン 戦術分析｜第2節 ブルーノ・フェルナンデスが牽引した劇的大逆転劇,match-reviews,4030,https://premier-blog.com/2026/09/01/%e3%83%9e%e3%83%b3%e3%83%81%e3%82%a7%e3%82%b9%e3%82%bf%e3%83%bc%e3%83%bb%e3%83%a6%e3%83%8a%e3%82%a4%e3%83%86%e3%83%83%e3%83%89-vs-%e3%82%a4%e3%83%97%e3%82%b9%e3%82%a6%e3%82%a3%e3%83%83%e3%83%81-2/,2026-09-01T10:15:44,
511,モーガン・ロジャーズ移籍へ：キャリック監督が推進、アモリムも交渉か,united,4036,https://premier-blog.com/2026/06/20/__trashed-12/,2026-06-20T12:17:07,
980,マン・ユナイテッドとニューカッスルがネコ・ウィリアムズ争奪戦、トナーリ交渉は&#8221;冷却&#8221;,united,4063,https://premier-blog.com/2026/07/11/%e3%83%9e%e3%83%b3%e3%83%bb%e3%83%a6%e3%83%8a%e3%82%a4%e3%83%86%e3%83%83%e3%83%89%e3%81%a8%e3%83%8b%e3%83%a5%e3%83%bc%e3%82%ab%e3%83%83%e3%82%b9%e3%83%ab%e3%81%8c%e3%83%8d%e3%82%b3%e3%83%bb%e3%82%a6/,2026-07-11T08:49:45,
1052,ブルーノ・ギマランイスの移籍交渉でアーセナルが£80m合意、ニューカッスルはフェリックス・ネメチャを代替候補に,united,4090,https://premier-blog.com/2026/07/15/%e3%83%96%e3%83%ab%e3%83%bc%e3%83%8e%e3%83%bb%e3%82%ae%e3%83%9e%e3%83%a9%e3%83%b3%e3%82%a4%e3%82%b9%e3%81%ae%e7%a7%bb%e7%b1%8d%e4%ba%a4%e6%b8%89%e3%81%a7%e3%82%a2%e3%83%bc%e3%82%bb%e3%83%8a%e3%83%ab/,2026-07-15T09:57:15,
2282,ラッシュフォード、ユナイテッド残留の方針鮮明に — 背番号9付与と最新移籍動向,united,4091,https://premier-blog.com/2026/09/01/%e3%83%a9%e3%83%83%e3%82%b7%e3%83%a5%e3%83%95%e3%82%a9%e3%83%bc%e3%83%89%e3%80%81%e3%83%a6%e3%83%8a%e3%82%a4%e3%83%86%e3%83%83%e3%83%89%e6%ae%8b%e7%95%99%e3%81%ae%e6%96%b9%e9%87%9d%e9%ae%ae%e6%98%8e/,2026-09-01T10:07:27,
1329,ヤン・ディオマンデ争奪戦激化——レアル・マドリード初弾、アーセナル£90m投入も辞さず,europe,4100,https://premier-blog.com/2026/07/25/%e3%83%a4%e3%83%b3%e3%83%bb%e3%83%87%e3%82%a3%e3%82%aa%e3%83%9e%e3%83%b3%e3%83%87%e4%ba%89%e5%a5%aa%e6%88%a6%e6%bf%80%e5%8c%96-%e3%83%ac%e3%82%a2%e3%83%ab%e3%83%bb%e3%83%9e%e3%83%89/,2026-07-25T12:03:34,
2335,チェルシー、エンツォ移籍承認の代償——カマラ破談で監督アロンソの誤算,united,4121,https://premier-blog.com/2026/09/03/%e3%83%81%e3%82%a7%e3%83%ab%e3%82%b7%e3%83%bc%e3%80%81%e3%82%a8%e3%83%b3%e3%83%84%e3%82%a9%e7%a7%bb%e7%b1%8d%e6%89%bf%e8%aa%8d%e3%81%ae%e4%bb%a3%e5%84%9f-%e3%82%ab%e3%83%9e%e3%83%a9/,2026-09-03T12:22:11,
2127,チド・オビのフェイエノールト移籍交渉浮上——ユナイテッドが承認の可能性,united,4123,https://premier-blog.com/2026/08/27/%e3%83%81%e3%83%89%e3%83%bb%e3%82%aa%e3%83%93%e3%81%ae%e3%83%95%e3%82%a7%e3%82%a4%e3%82%a8%e3%83%8e%e3%83%bc%e3%83%ab%e3%83%88%e7%a7%bb%e7%b1%8d%e4%ba%a4%e6%b8%89%e6%b5%ae%e4%b8%8a/,2026-08-27T10:37:12,
1567,マンチェスター・ユナイテッド歴代監督一覧｜最多勝・最短在任は誰？成績で振り返る指揮官の系譜,column,4126,https://premier-blog.com/2026/08/03/%e3%83%9e%e3%83%b3%e3%83%81%e3%82%a7%e3%82%b9%e3%82%bf%e3%83%bc%e3%83%bb%e3%83%a6%e3%83%8a%e3%82%a4%e3%83%86%e3%83%83%e3%83%89%e6%ad%b4%e4%bb%a3%e7%9b%a3%e7%9d%a3%e4%b8%80%e8%a6%a7%e3%81%a8%e6%88%90/,2026-08-03T09:49:32,
2545,フェルナンデス契約交渉とマンCダービー前の負傷懸念――マンUの勝算を左右する2大焦点,united,4143,https://premier-blog.com/2026/09/12/%e3%83%95%e3%82%a7%e3%83%ab%e3%83%8a%e3%83%b3%e3%83%87%e3%82%b9%e5%a5%91%e7%b4%84%e4%ba%a4%e6%b8%89%e3%81%a8%e3%83%9e%e3%83%b3c%e3%83%80%e3%83%bc%e3%83%93%e3%83%bc%e5%89%8d%e3%81%ae%e8%b2%a0%e5%82%b7/,2026-09-12T09:45:16,
2581,マンチェスターダービー、ハーランドのゴールをめぐるVAR誤審をPro Refが認める,united,4177,https://premier-blog.com/2026/09/14/%e3%83%9e%e3%83%b3%e3%83%81%e3%82%a7%e3%82%b9%e3%82%bf%e3%83%bc%e3%83%80%e3%83%bc%e3%83%93%e3%83%bc%e3%80%81%e3%83%8f%e3%83%bc%e3%83%a9%e3%83%b3%e3%83%89%e3%81%ae%e3%82%b4%e3%83%bc%e3%83%ab%e3%82%92/,2026-09-14T09:30:17,
730,イングランド2026W杯26人スカッド完全解説——ケイン61ゴールの怪物が60年の呪縛を断つか,column,4196,https://premier-blog.com/2026/06/29/%e3%82%a4%e3%83%b3%e3%82%b0%e3%83%a9%e3%83%b3%e3%83%892026w%e6%9d%af26%e4%ba%ba%e3%82%b9%e3%82%ab%e3%83%83%e3%83%89%e5%ae%8c%e5%85%a8%e8%a7%a3%e8%aa%ac-%e3%82%b1%e3%82%a4%e3%83%b361/,2026-06-29T09:47:06,
1528,マンチェスター・ユナイテッド歴代得点王ランキング：ルーニーの253ゴールとレジェンドたちの軌跡,column,4241,https://premier-blog.com/2026/08/01/%e3%83%9e%e3%83%b3%e3%83%81%e3%82%a7%e3%82%b9%e3%82%bf%e3%83%bc%e3%83%bb%e3%83%a6%e3%83%8a%e3%82%a4%e3%83%86%e3%83%83%e3%83%89%e6%ad%b4%e4%bb%a3%e5%be%97%e7%82%b9%e7%8e%8b%e3%83%a9%e3%83%b3%e3%82%ad/,2026-08-01T13:11:45,
2313,リバプール、バルコラ£1.23億加入後さらに2選手獲得へ——ガクポのシティ移籍も浮上,transfers,4282,https://premier-blog.com/2026/09/02/%e3%83%aa%e3%83%90%e3%83%97%e3%83%bc%e3%83%ab%e3%80%81%e3%83%90%e3%83%ab%e3%82%b3%e3%83%a91-23%e5%84%84%e5%8a%a0%e5%85%a5%e5%be%8c%e3%81%95%e3%82%89%e3%81%ab2%e9%81%b8%e6%89%8b%e7%8d%b2%e5%be%97/,2026-09-02T09:37:41,
806,W杯2026全48チーム出場スカッド確定：イングランド欠場者、ブラジルにネイマール復帰,column,4287,https://premier-blog.com/2026/07/01/w%e6%9d%af2026%e5%85%a848%e3%83%81%e3%83%bc%e3%83%a0%e5%87%ba%e5%a0%b4%e3%82%b9%e3%82%ab%e3%83%83%e3%83%89%e7%a2%ba%e5%ae%9a%ef%bc%9a%e3%82%a4%e3%83%b3%e3%82%b0%e3%83%a9%e3%83%b3%e3%83%89%e6%ac%a0/,2026-07-01T09:42:48,
560,プレミアリーグ2026-27開幕節全日程発表：アーセナルvsコベントリーが開幕戦、リバプールは難敵ニューカッスルに乗り込む,match-reviews,4298,https://premier-blog.com/2026/06/22/%e3%83%97%e3%83%ac%e3%83%9f%e3%82%a2%e3%83%aa%e3%83%bc%e3%82%b02026-27%e9%96%8b%e5%b9%95%e7%af%80%e5%85%a8%e6%97%a5%e7%a8%8b%e7%99%ba%e8%a1%a8%ef%bc%9a%e3%82%a2%e3%83%bc%e3%82%bb%e3%83%8a%e3%83%abvs/,2026-06-22T10:29:14,
2514,マレスカ体制マンCの対ユナイテッド戦術的失敗から学ぶ、今節ダービー攻略の鍵,united,4318,https://premier-blog.com/2026/09/11/%e3%83%9e%e3%83%ac%e3%82%b9%e3%82%ab%e4%bd%93%e5%88%b6%e3%83%9e%e3%83%b3c%e3%81%ae%e5%af%be%e3%83%a6%e3%83%8a%e3%82%a4%e3%83%86%e3%83%83%e3%83%89%e6%88%a6%e8%a1%93%e7%9a%84%e5%a4%b1%e6%95%97%e3%81%8b/,2026-09-11T10:19:08,
1510,ビニシウス・ジュニオール・ジュニオール、アーセナル移籍交渉の最新情報——レアルは放出容認か,europe,4325,https://premier-blog.com/2026/08/01/%e3%83%93%e3%83%8b%e3%82%b7%e3%82%a6%e3%82%b9%e3%83%bb%e3%82%b8%e3%83%a5%e3%83%8b%e3%82%aa%e3%83%bc%e3%83%ab%e3%83%bb%e3%82%b8%e3%83%a5%e3%83%8b%e3%82%aa%e3%83%bc%e3%83%ab%e3%80%81%e3%82%a2%e3%83%bc/,2026-08-01T13:11:56,
802,イングランド2026W杯26人完全ガイド：ケイン61ゴール、難航する4-2-3-1の完成度,column,4340,https://premier-blog.com/2026/07/01/%e3%82%a4%e3%83%b3%e3%82%b0%e3%83%a9%e3%83%b3%e3%83%892026w%e6%9d%af26%e4%ba%ba%e5%ae%8c%e5%85%a8%e3%82%ac%e3%82%a4%e3%83%89%ef%bc%9a%e3%82%b1%e3%82%a4%e3%83%b361%e3%82%b4%e3%83%bc%e3%83%ab%e3%80%81/,2026-07-01T09:42:51,
2384,エバートン、移籍窓の大混乱をモイーズ監督が赤裸々告白——元マンUスターのフリー獲得も浮上,united,4346,https://premier-blog.com/2026/09/05/%e3%82%a8%e3%83%90%e3%83%bc%e3%83%88%e3%83%b3%e3%80%81%e7%a7%bb%e7%b1%8d%e7%aa%93%e3%81%ae%e5%a4%a7%e6%b7%b7%e4%b9%b1%e3%82%92%e3%83%a2%e3%82%a4%e3%83%bc%e3%82%ba%e7%9b%a3%e7%9d%a3%e3%81%8c%e8%b5%a4/,2026-09-05T09:09:31,
2152,2026/27 UEFAチャンピオンズリーグ抽選会：ドイツ勢の組み合わせと36チームの全ポット構成,europe,4385,https://premier-blog.com/2026/08/28/2026-27-uefa%e3%83%81%e3%83%a3%e3%83%b3%e3%83%94%e3%82%aa%e3%83%b3%e3%82%ba%e3%83%aa%e3%83%bc%e3%82%b0%e6%8a%bd%e9%81%b8%e4%bc%9a%ef%bc%9a%e3%83%89%e3%82%a4%e3%83%84%e5%8b%a2%e3%81%ae%e7%b5%84/,2026-08-28T09:24:52,
515,レアル・マドリー、オリセに€150m投入へ——ウィリアム・サリバも「最優先ターゲット」に浮上,europe,4388,https://premier-blog.com/2026/06/20/%e3%83%ac%e3%82%a2%e3%83%ab%e3%83%bb%e3%83%9e%e3%83%89%e3%83%aa%e3%83%bc%e3%80%81%e3%82%aa%e3%83%aa%e3%82%bb%e3%81%abe150m%e6%8a%95%e5%85%a5%e3%81%b8-%e3%82%a6%e3%82%a3%e3%83%aa/,2026-06-20T12:17:12,
531,プレミアリーグ2026-27日程発表：アーセナルがコベントリーと開幕戦、リバプールはニューカッスル遠征,match-reviews,4398,https://premier-blog.com/2026/06/20/%e3%83%97%e3%83%ac%e3%83%9f%e3%82%a2%e3%83%aa%e3%83%bc%e3%82%b02026-27%e6%97%a5%e7%a8%8b%e7%99%ba%e8%a1%a8%ef%bc%9a%e3%82%a2%e3%83%bc%e3%82%bb%e3%83%8a%e3%83%ab%e3%81%8c%e3%82%b3%e3%83%99%e3%83%b3/,2026-06-20T12:17:02,
2331,マンチェスター・ユナイテッド、アイト＝ヌーリのローン獲得失敗と締め切り直前の移籍劇を総まとめ,united,4401,https://premier-blog.com/2026/09/03/%e3%83%9e%e3%83%b3%e3%83%81%e3%82%a7%e3%82%b9%e3%82%bf%e3%83%bc%e3%83%bb%e3%83%a6%e3%83%8a%e3%82%a4%e3%83%86%e3%83%83%e3%83%89%e3%80%81%e3%82%a2%e3%82%a4%e3%83%88%ef%bc%9d%e3%83%8c%e3%83%bc%e3%83%aa/,2026-09-03T12:22:13,
945,マンチェスター・ユナイテッド、チェルシーのアンドレイ・サントスを約50億円で獲得合意,united,4420,https://premier-blog.com/2026/07/09/%e3%83%9e%e3%83%b3%e3%83%81%e3%82%a7%e3%82%b9%e3%82%bf%e3%83%bc%e3%83%bb%e3%83%a6%e3%83%8a%e3%82%a4%e3%83%86%e3%83%83%e3%83%89%e3%80%81%e3%83%81%e3%82%a7%e3%83%ab%e3%82%b7%e3%83%bc%e3%81%ae%e3%82%a2/,2026-07-09T12:07:49,
644,W杯2026全48チーム・スカッド確定：フォーデン&#038;パーマー欠場のイングランド、ネイマール復帰のブラジルなど注目点を整理,column,4439,https://premier-blog.com/2026/06/23/w%e6%9d%af2026%e5%85%a848%e3%83%81%e3%83%bc%e3%83%a0%e3%83%bb%e3%82%b9%e3%82%ab%e3%83%83%e3%83%89%e7%a2%ba%e5%ae%9a%ef%bc%9a%e3%83%95%e3%82%a9%e3%83%bc%e3%83%87%e3%83%b3%e3%83%91%e3%83%bc%e3%83%9e/,2026-06-23T17:21:47,
2163,ヤンクバ・ミンテ獲得交渉が暗礁に——リバプール、6000万ポンド2度拒否され方針転換か,transfers,4446,https://premier-blog.com/2026/08/28/%e3%83%a4%e3%83%b3%e3%82%af%e3%83%90%e3%83%bb%e3%83%9f%e3%83%b3%e3%83%86%e7%8d%b2%e5%be%97%e4%ba%a4%e6%b8%89%e3%81%8c%e6%9a%97%e7%a4%81%e3%81%ab-%e3%83%aa%e3%83%90%e3%83%97%e3%83%bc/,2026-08-28T09:24:41,
624,チェルシー移籍市場最新情報：エンツォ放出・ウォートン獲得へ、ディアスはマドリード行きか,united,4457,https://premier-blog.com/2026/06/23/%e3%83%81%e3%82%a7%e3%83%ab%e3%82%b7%e3%83%bc%e7%a7%bb%e7%b1%8d%e5%b8%82%e5%a0%b4%e6%9c%80%e6%96%b0%e6%83%85%e5%a0%b1%ef%bc%9a%e3%82%a8%e3%83%b3%e3%83%84%e3%82%a9%e6%94%be%e5%87%ba%e3%83%bb%e3%82%a6/,2026-06-23T17:21:57,
1041,マンチェスター・ユナイテッド、ティーレマンスを£3500万でアストン・ビラから獲得・5年契約,united,4461,https://premier-blog.com/2026/07/15/%e3%83%9e%e3%83%b3%e3%83%81%e3%82%a7%e3%82%b9%e3%82%bf%e3%83%bc%e3%83%bb%e3%83%a6%e3%83%8a%e3%82%a4%e3%83%86%e3%83%83%e3%83%89%e3%80%81%e3%83%86%e3%82%a3%e3%83%bc%e3%83%ac%e3%83%9e%e3%83%b3%e3%82%b9-3/,2026-07-15T09:57:22,
1045,マンチェスター・ユナイテッド、ティーレマンスを£3500万で獲得　今夏3人目の補強完了,united,4538,https://premier-blog.com/2026/07/15/%e3%83%9e%e3%83%b3%e3%83%81%e3%82%a7%e3%82%b9%e3%82%bf%e3%83%bc%e3%83%bb%e3%83%a6%e3%83%8a%e3%82%a4%e3%83%86%e3%83%83%e3%83%89%e3%80%81%e3%83%86%e3%82%a3%e3%83%bc%e3%83%ac%e3%83%9e%e3%83%b3%e3%82%b9-2/,2026-07-15T09:57:20,
2286,オシムヘンのアーセナル移籍、給与問題が最大の障壁——デッドラインまで48時間の攻防,transfers,4538,https://premier-blog.com/2026/09/01/%e3%82%aa%e3%82%b7%e3%83%a0%e3%83%98%e3%83%b3%e3%81%ae%e3%82%a2%e3%83%bc%e3%82%bb%e3%83%8a%e3%83%ab%e7%a7%bb%e7%b1%8d%e3%80%81%e7%b5%a6%e4%b8%8e%e5%95%8f%e9%a1%8c%e3%81%8c%e6%9c%80%e5%a4%a7%e3%81%ae/,2026-09-01T10:07:25,
1931,マンチェスター・ユナイテッド歴代キャプテン全46人——最長在任・最多タイトルは誰？,column,4599,https://premier-blog.com/2026/08/19/%e3%83%9e%e3%83%b3%e3%83%81%e3%82%a7%e3%82%b9%e3%82%bf%e3%83%bc%e3%83%bb%e3%83%a6%e3%83%8a%e3%82%a4%e3%83%86%e3%83%83%e3%83%89%e6%ad%b4%e4%bb%a3%e3%82%ad%e3%83%a3%e3%83%97%e3%83%86%e3%83%b3%e4%b8%80/,2026-08-19T09:03:06,
839,クリスタル・パレスとサンダーランドが7ゴールでW杯グループステージのプレミアリーグ勢トップに,column,4684,https://premier-blog.com/2026/07/03/%e3%82%af%e3%83%aa%e3%82%b9%e3%82%bf%e3%83%ab%e3%83%bb%e3%83%91%e3%83%ac%e3%82%b9%e3%81%a8%e3%82%b5%e3%83%b3%e3%83%80%e3%83%bc%e3%83%a9%e3%83%b3%e3%83%89%e3%81%8c7%e3%82%b4%e3%83%bc%e3%83%ab%e3%81%a7w/,2026-07-03T13:56:40,
734,W杯2026全48カ国スカッド確定：ネイマール復帰、イングランドはフォーデン・パーマー・TAA欠場,column,4727,https://premier-blog.com/2026/06/29/w%e6%9d%af2026%e5%85%a848%e3%82%ab%e5%9b%bd%e3%82%b9%e3%82%ab%e3%83%83%e3%83%89%e7%a2%ba%e5%ae%9a%ef%bc%9a%e3%83%8d%e3%82%a4%e3%83%9e%e3%83%bc%e3%83%ab%e5%be%a9%e5%b8%b0%e3%80%81%e3%82%a4%e3%83%b3/,2026-06-29T09:47:32,
1709,プレミアリーグ優勝回数クラブ別ランキング2026年最新版：リバプール・マンUが20回で並ぶ,data,4988,https://premier-blog.com/2026/08/08/%e3%83%97%e3%83%ac%e3%83%9f%e3%82%a2%e3%83%aa%e3%83%bc%e3%82%b0%e5%84%aa%e5%8b%9d%e5%9b%9e%e6%95%b0%e3%82%af%e3%83%a9%e3%83%96%e5%88%a5%e3%83%a9%e3%83%b3%e3%82%ad%e3%83%b3%e3%82%b02026%e5%b9%b4/,2026-08-08T09:43:14,
159,サー・アレックス・ファーガソン——勝利の影に宿る、知られざる物語,column,5161,https://premier-blog.com/2026/06/08/%e3%82%b5%e3%83%bc%e3%83%bb%e3%82%a2%e3%83%ac%e3%83%83%e3%82%af%e3%82%b9%e3%83%bb%e3%83%95%e3%82%a1%e3%83%bc%e3%82%ac%e3%82%bd%e3%83%b3-%e5%8b%9d%e5%88%a9%e3%81%ae%e5%bd%b1%e3%81%ab/,2026-06-08T13:19:42,
2521,プレミアリーグ2026年夏の移籍市場総決算：マンCがエンツォ獲得£125m、総支出€40億超の歴史的記録,transfers,5393,https://premier-blog.com/2026/09/11/%e3%83%97%e3%83%ac%e3%83%9f%e3%82%a2%e3%83%aa%e3%83%bc%e3%82%b02026%e5%b9%b4%e5%a4%8f%e3%81%ae%e7%a7%bb%e7%b1%8d%e5%b8%82%e5%a0%b4%e7%b7%8f%e6%b1%ba%e7%ae%97%ef%bc%9a%e3%83%9e%e3%83%b3c%e3%81%8c/,2026-09-11T10:19:05,
